STATION,CRIME_TYPE,MONTH,MEAN,STD_DEV,MIN,MAX
PS 01 RAXA BAGO,CARNAPPING MC,1,0.93,0.9455370981830401,0,4
PS 01 RAXA BAGO,CARNAPPING MC,2,1.05,0.9987365756167877,0,5
PS 01 RAXA BAGO,CARNAPPING MC,3,1.09,0.9857059204530332,0,4
PS 01 RAXA BAGO,CARNAPPING MC,4,0.98,1.014839391184137,0,4
PS 01 RAXA BAGO,CARNAPPING MC,5,0.88,0.9773185331055149,0,4
PS 01 RAXA BAGO,CARNAPPING MC,6,0.8,0.9101004495564367,0,5
PS 01 RAXA BAGO,CARNAPPING MC,7,1.09,1.101835016706405,0,5
PS 01 RAXA BAGO,CARNAPPING MC,8,0.97,1.0391818848974368,0,4
PS 01 RAXA BAGO,CARNAPPING MC,9,1.01,0.9586922911398157,0,4
PS 01 RAXA BAGO,CARNAPPING MC,10,0.92,0.9606395176278576,0,5
PS 01 RAXA BAGO,CARNAPPING MC,11,1.13,1.1340015855189953,0,6
PS 01 RAXA BAGO,CARNAPPING MC,12,1.06,0.9621104747670952,0,4
PS 01 RAXA BAGO,CARNAPPING MV,1,0.15,0.35887028128263676,0,1
PS 01 RAXA BAGO,CARNAPPING MV,2,0.12,0.3561863092100633,0,2
PS 01 RAXA BAGO,CARNAPPING MV,3,0.12,0.32659863237109044,0,1
PS 01 RAXA BAGO,CARNAPPING MV,4,0.2,0.42640143271122094,0,2
PS 01 RAXA BAGO,CARNAPPING MV,5,0.19,0.44255913261233915,0,2
PS 01 RAXA BAGO,CARNAPPING MV,6,0.15,0.35887028128263665,0,1
PS 01 RAXA BAGO,CARNAPPING MV,7,0.11,0.3144660377352201,0,1
PS 01 RAXA BAGO,CARNAPPING MV,8,0.13,0.3666666666666667,0,2
PS 01 RAXA BAGO,CARNAPPING MV,9,0.12,0.3561863092100634,0,2
PS 01 RAXA BAGO,CARNAPPING MV,10,0.12,0.3561863092100634,0,2
PS 01 RAXA BAGO,CARNAPPING MV,11,0.21,0.43333333333333346,0,2
PS 01 RAXA BAGO,CARNAPPING MV,12,0.18,0.41145221993924064,0,2
PS 01 RAXA BAGO,HOMICIDE,1,0.61,0.8151965741742628,0,4
PS 01 RAXA BAGO,HOMICIDE,2,0.69,0.7613783354528609,0,2
PS 01 RAXA BAGO,HOMICIDE,3,0.67,0.7661394761854378,0,3
PS 01 RAXA BAGO,HOMICIDE,4,0.62,0.8382280492958124,0,4
PS 01 RAXA BAGO,HOMICIDE,5,0.68,0.763828739597001,0,3
PS 01 RAXA BAGO,HOMICIDE,6,0.72,0.8655003807572295,0,4
PS 01 RAXA BAGO,HOMICIDE,7,0.66,0.7941706810925914,0,3
PS 01 RAXA BAGO,HOMICIDE,8,0.58,0.7936617603859909,0,3
PS 01 RAXA BAGO,HOMICIDE,9,0.6,0.8040302522073697,0,4
PS 01 RAXA BAGO,HOMICIDE,10,0.5,0.6590473688161075,0,3
PS 01 RAXA BAGO,HOMICIDE,11,0.57,0.8196451560389909,0,4
PS 01 RAXA BAGO,HOMICIDE,12,0.74,0.9600084174715143,0,4
PS 01 RAXA BAGO,MURDER,1,2.33,1.524579756635721,0,7
PS 01 RAXA BAGO,MURDER,2,2.37,1.4951436537853298,0,8
PS 01 RAXA BAGO,MURDER,3,2.91,1.758643876067091,0,9
PS 01 RAXA BAGO,MURDER,4,2.48,1.5921524722681226,0,7
PS 01 RAXA BAGO,MURDER,5,2.41,1.4077347661108508,0,6
PS 01 RAXA BAGO,MURDER,6,2.74,1.7385701776535405,0,8
PS 01 RAXA BAGO,MURDER,7,2.33,1.3108328758018042,0,6
PS 01 RAXA BAGO,MURDER,8,2.54,1.553230585755139,0,6
PS 01 RAXA BAGO,MURDER,9,2.94,1.6256777918235468,0,8
PS 01 RAXA BAGO,MURDER,10,2.23,1.6382732964738804,0,7
PS 01 RAXA BAGO,MURDER,11,2.49,1.5731009073312696,0,7
PS 01 RAXA BAGO,MURDER,12,2.77,1.6008520458578526,0,9
PS 01 RAXA BAGO,PHYSICAL INJURIES,1,2.69,1.5485085688748341,0,7
PS 01 RAXA BAGO,PHYSICAL INJURIES,2,3.02,1.8200899078691883,0,10
PS 01 RAXA BAGO,PHYSICAL INJURIES,3,2.69,1.5743845999903803,0,7
PS 01 RAXA BAGO,PHYSICAL INJURIES,4,2.88,1.5908831166710802,0,8
PS 01 RAXA BAGO,PHYSICAL INJURIES,5,2.68,1.6322507234620618,0,8
PS 01 RAXA BAGO,PHYSICAL INJURIES,6,2.86,1.6698152078247548,0,7
PS 01 RAXA BAGO,PHYSICAL INJURIES,7,2.94,1.489491812191614,1,7
PS 01 RAXA BAGO,PHYSICAL INJURIES,8,2.51,1.8829109207165202,0,9
PS 01 RAXA BAGO,PHYSICAL INJURIES,9,2.67,1.769865600101952,0,9
PS 01 RAXA BAGO,PHYSICAL INJURIES,10,2.57,1.552157182501798,0,7
PS 01 RAXA BAGO,PHYSICAL INJURIES,11,2.83,1.524579756635721,0,6
PS 01 RAXA BAGO,PHYSICAL INJURIES,12,2.84,1.6679994670929073,0,7
PS 01 RAXA BAGO,RAPE,1,3.28,1.9544303466222532,0,10
PS 01 RAXA BAGO,RAPE,2,3.17,1.7000000000000002,0,10
PS 01 RAXA BAGO,RAPE,3,3.15,1.8715034738213159,0,9
PS 01 RAXA BAGO,RAPE,4,3.6,1.8034758807716984,0,10
PS 01 RAXA BAGO,RAPE,5,3.18,1.6291535882603005,0,7
PS 01 RAXA BAGO,RAPE,6,3.38,1.947700016310354,0,10
PS 01 RAXA BAGO,RAPE,7,3.21,1.7597922283237541,0,8
PS 01 RAXA BAGO,RAPE,8,3.01,1.877538685394129,0,9
PS 01 RAXA BAGO,RAPE,9,3.13,1.9779338265529063,0,11
PS 01 RAXA BAGO,RAPE,10,3.05,1.8111606859423133,0,9
PS 01 RAXA BAGO,RAPE,11,3.22,1.5672146043735098,0,8
PS 01 RAXA BAGO,RAPE,12,3.37,1.9366481509572304,0,8
PS 01 RAXA BAGO,ROBBERY,1,1.79,1.191679910924494,0,5
PS 01 RAXA BAGO,ROBBERY,2,1.57,1.216510990455487,0,7
PS 01 RAXA BAGO,ROBBERY,3,1.68,1.28613429086601,0,6
PS 01 RAXA BAGO,ROBBERY,4,1.75,1.3055824196677337,0,6
PS 01 RAXA BAGO,ROBBERY,5,1.57,1.233005689485264,0,6
PS 01 RAXA BAGO,ROBBERY,6,1.52,1.184751604192357,0,5
PS 01 RAXA BAGO,ROBBERY,7,1.36,1.0494827971025258,0,5
PS 01 RAXA BAGO,ROBBERY,8,1.89,1.2544466364243492,0,5
PS 01 RAXA BAGO,ROBBERY,9,1.66,1.1994948431685226,0,5
PS 01 RAXA BAGO,ROBBERY,10,1.73,1.1534314198963198,0,5
PS 01 RAXA BAGO,ROBBERY,11,1.48,1.2266403159225057,0,5
PS 01 RAXA BAGO,ROBBERY,12,1.33,1.2637526289075354,0,6
PS 01 RAXA BAGO,THEFT,1,2.44,1.3656685194623563,0,6
PS 01 RAXA BAGO,THEFT,2,2.71,1.7995229446391696,0,8
PS 01 RAXA BAGO,THEFT,3,2.88,1.821754066494124,0,9
PS 01 RAXA BAGO,THEFT,4,2.97,1.60463344251841,0,9
PS 01 RAXA BAGO,THEFT,5,2.9,1.696699112626596,0,8
PS 01 RAXA BAGO,THEFT,6,2.84,1.6980083401539356,0,7
PS 01 RAXA BAGO,THEFT,7,2.67,1.8149491464061474,0,9
PS 01 RAXA BAGO,THEFT,8,2.97,1.5728440430755946,0,8
PS 01 RAXA BAGO,THEFT,9,2.76,1.781612026828909,0,7
PS 01 RAXA BAGO,THEFT,10,2.9,1.7494587907710373,0,8
PS 01 RAXA BAGO,THEFT,11,2.96,1.5758275042758723,0,7
PS 01 RAXA BAGO,THEFT,12,2.64,1.6238126975632614,0,8
PS 02 TONDO,CARNAPPING MC,1,0.82,0.9574798571080629,0,4
PS 02 TONDO,CARNAPPING MC,2,0.84,0.8729376850727674,0,4
PS 02 TONDO,CARNAPPING MC,3,0.93,1.0372360318936986,0,5
PS 02 TONDO,CARNAPPING MC,4,0.74,0.8832904506457772,0,4
PS 02 TONDO,CARNAPPING MC,5,0.89,0.9523495665824062,0,3
PS 02 TONDO,CARNAPPING MC,6,0.9,0.9999999999999999,0,5
PS 02 TONDO,CARNAPPING MC,7,0.79,0.7425726505966549,0,3
PS 02 TONDO,CARNAPPING MC,8,0.88,0.9241977137720123,0,4
PS 02 TONDO,CARNAPPING MC,9,0.85,0.9987365756167877,0,4
PS 02 TONDO,CARNAPPING MC,10,0.87,0.9062632792478855,0,4
PS 02 TONDO,CARNAPPING MC,11,0.59,0.792579218868258,0,3
PS 02 TONDO,CARNAPPING MC,12,0.98,0.8759410523960658,0,4
PS 02 TONDO,CARNAPPING MV,1,0.09,0.2876234912646613,0,1
PS 02 TONDO,CARNAPPING MV,2,0.11,0.3144660377352202,0,1
PS 02 TONDO,CARNAPPING MV,3,0.09,0.32082595426382343,0,2
PS 02 TONDO,CARNAPPING MV,4,0.11,0.31446603773522014,0,1
PS 02 TONDO,CARNAPPING MV,5,0.14,0.34873508801977704,0,1
PS 02 TONDO,CARNAPPING MV,6,0.12,0.3561863092100634,0,2
PS 02 TONDO,CARNAPPING MV,7,0.1,0.30151134457776363,0,1
PS 02 TONDO,CARNAPPING MV,8,0.07,0.2564323999762428,0,1
PS 02 TONDO,CARNAPPING MV,9,0.11,0.31446603773522014,0,1
PS 02 TONDO,CARNAPPING MV,10,0.14,0.40251733132897755,0,2
PS 02 TONDO,CARNAPPING MV,11,0.09,0.2876234912646614,0,1
PS 02 TONDO,CARNAPPING MV,12,0.15,0.3859920970562725,0,2
PS 02 TONDO,HOMICIDE,1,0.05,0.2611164839335468,0,2
PS 02 TONDO,HOMICIDE,2,0.08,0.307482445914323,0,2
PS 02 TONDO,HOMICIDE,3,0.05,0.26111648393354675,0,2
PS 02 TONDO,HOMICIDE,4,0.07,0.2931886695621029,0,2
PS 02 TONDO,HOMICIDE,5,0.08,0.2726599243442907,0,1
PS 02 TONDO,HOMICIDE,6,0.05,0.21904291355759034,0,1
PS 02 TONDO,HOMICIDE,7,0.06,0.23868325657594203,0,1
PS 02 TONDO,HOMICIDE,8,0.11,0.34509550720186016,0,2
PS 02 TONDO,HOMICIDE,9,0.09,0.32082595426382343,0,2
PS 02 TONDO,HOMICIDE,10,0.1,0.30151134457776363,0,1
PS 02 TONDO,HOMICIDE,11,0.12,0.32659863237109044,0,1
PS 02 TONDO,HOMICIDE,12,0.01,0.1,0,1
PS 02 TONDO,MURDER,1,1.08,1.079468630971982,0,4
PS 02 TONDO,MURDER,2,1.33,1.1196590390098067,0,4
PS 02 TONDO,MURDER,3,1.1,1.1677484162422844,0,6
PS 02 TONDO,MURDER,4,1.03,1.0096003809888987,0,4
PS 02 TONDO,MURDER,5,1.41,1.1555312740261623,0,5
PS 02 TONDO,MURDER,6,1.22,1.2108933174572507,0,5
PS 02 TONDO,MURDER,7,1.24,1.1469767022723505,0,5
PS 02 TONDO,MURDER,8,1.16,1.1434486203912915,0,5
PS 02 TONDO,MURDER,9,1.23,1.1534314198963198,0,4
PS 02 TONDO,MURDER,10,1.07,1.1033008326257743,0,5
PS 02 TONDO,MURDER,11,1.41,1.1899834478095088,0,5
PS 02 TONDO,MURDER,12,1.27,1.0622541307916096,0,4
PS 02 TONDO,PHYSICAL INJURIES,1,2.9,1.6360830286900712,0,7
PS 02 TONDO,PHYSICAL INJURIES,2,2.19,1.555017944616977,0,8
PS 02 TONDO,PHYSICAL INJURIES,3,2.83,1.4842948875244815,0,8
PS 02 TONDO,PHYSICAL INJURIES,4,2.59,1.4981132915582296,0,7
PS 02 TONDO,PHYSICAL INJURIES,5,2.46,1.5467136878954786,0,8
PS 02 TONDO,PHYSICAL INJURIES,6,2.73,1.6627529806761656,0,7
PS 02 TONDO,PHYSICAL INJURIES,7,2.53,1.5534581820030828,0,7
PS 02 TONDO,PHYSICAL INJURIES,8,2.7,1.642245321798694,0,7
PS 02 TONDO,PHYSICAL INJURIES,9,2.77,1.5364592642524146,0,6
PS 02 TONDO,PHYSICAL INJURIES,10,2.69,1.6434442767885657,0,8
PS 02 TONDO,PHYSICAL INJURIES,11,3.01,1.6360521589077366,0,9
PS 02 TONDO,PHYSICAL INJURIES,12,2.75,1.6414763002993513,0,7
PS 02 TONDO,RAPE,1,1.49,1.2512216252748969,0,6
PS 02 TONDO,RAPE,2,1.27,1.2214827882619559,0,7
PS 02 TONDO,RAPE,3,1.28,1.3032980697391747,0,6
PS 02 TONDO,RAPE,4,1.32,1.229929783657292,0,5
PS 02 TONDO,RAPE,5,1.44,1.1574964275530095,0,4
PS 02 TONDO,RAPE,6,1.5,1.2102257907706582,0,5
PS 02 TONDO,RAPE,7,1.54,1.1670562120224557,0,4
PS 02 TONDO,RAPE,8,1.31,1.260871912526399,0,6
PS 02 TONDO,RAPE,9,1.46,1.20955789569177,0,5
PS 02 TONDO,RAPE,10,1.61,1.3172898410192517,0,6
PS 02 TONDO,RAPE,11,1.28,1.1108282468227901,0,5
PS 02 TONDO,RAPE,12,1.44,1.0666666666666669,0,5
PS 02 TONDO,ROBBERY,1,2.36,1.5603677370246654,0,7
PS 02 TONDO,ROBBERY,2,2.73,1.7515072873892867,0,9
PS 02 TONDO,ROBBERY,3,2.35,1.7254775360093004,0,7
PS 02 TONDO,ROBBERY,4,2.4,1.510903134826413,0,6
PS 02 TONDO,ROBBERY,5,2.62,1.482422260213249,0,6
PS 02 TONDO,ROBBERY,6,2.4,1.5109031348264135,0,6
PS 02 TONDO,ROBBERY,7,2.35,1.8333333333333333,0,8
PS 02 TONDO,ROBBERY,8,2.87,1.6431984086229547,0,8
PS 02 TONDO,ROBBERY,9,2.28,1.4360439485692016,0,6
PS 02 TONDO,ROBBERY,10,2.38,1.6066779831111593,0,9
PS 02 TONDO,ROBBERY,11,2.29,1.49946118268658,0,7
PS 02 TONDO,ROBBERY,12,2.33,1.3637070688740194,0,6
PS 02 TONDO,THEFT,1,4.09,1.990355533947428,1,10
PS 02 TONDO,THEFT,2,4.19,2.2459615834522713,0,12
PS 02 TONDO,THEFT,3,4.35,2.226448002328082,1,10
PS 02 TONDO,THEFT,4,4.24,2.274673913804221,0,11
PS 02 TONDO,THEFT,5,4.0,2.1320071635561044,0,11
PS 02 TONDO,THEFT,6,4.34,2.0361381549046684,0,11
PS 02 TONDO,THEFT,7,4.12,2.0561806311408506,0,12
PS 02 TONDO,THEFT,8,4.14,2.0450482200237285,0,11
PS 02 TONDO,THEFT,9,4.17,1.9799755125513618,1,10
PS 02 TONDO,THEFT,10,4.11,2.183015244004392,0,10
PS 02 TONDO,THEFT,11,3.92,1.9315561319591754,0,9
PS 02 TONDO,THEFT,12,4.16,2.0336562088410064,0,9
PS 03 STA. CRUZ,CARNAPPING MC,1,1.36,1.2187093686570745,0,5
PS 03 STA. CRUZ,CARNAPPING MC,2,1.26,1.16011145406749,0,4
PS 03 STA. CRUZ,CARNAPPING MC,3,1.44,1.22532205620161,0,6
PS 03 STA. CRUZ,CARNAPPING MC,4,1.5,1.2268049987877068,0,5
PS 03 STA. CRUZ,CARNAPPING MC,5,1.42,1.1207861598724425,0,5
PS 03 STA. CRUZ,CARNAPPING MC,6,1.5,1.2431631210161223,0,6
PS 03 STA. CRUZ,CARNAPPING MC,7,1.03,1.058443683104127,0,4
PS 03 STA. CRUZ,CARNAPPING MC,8,1.43,1.1569290594002937,0,5
PS 03 STA. CRUZ,CARNAPPING MC,9,1.21,0.9979271445644647,0,4
PS 03 STA. CRUZ,CARNAPPING MC,10,1.49,1.141459282203834,0,5
PS 03 STA. CRUZ,CARNAPPING MC,11,1.65,1.2821619998812137,0,7
PS 03 STA. CRUZ,CARNAPPING MC,12,1.48,1.2908379550751623,0,6
PS 03 STA. CRUZ,CARNAPPING MV,1,0.22,0.5041244034376972,0,2
PS 03 STA. CRUZ,CARNAPPING MV,2,0.27,0.5096047190685833,0,2
PS 03 STA. CRUZ,CARNAPPING MV,3,0.18,0.4794778304562058,0,2
PS 03 STA. CRUZ,CARNAPPING MV,4,0.28,0.5519478821831502,0,2
PS 03 STA. CRUZ,CARNAPPING MV,5,0.31,0.614554121031474,0,3
PS 03 STA. CRUZ,CARNAPPING MV,6,0.24,0.5148305595538255,0,2
PS 03 STA. CRUZ,CARNAPPING MV,7,0.21,0.4333333333333334,0,2
PS 03 STA. CRUZ,CARNAPPING MV,8,0.2,0.4494665749754947,0,2
PS 03 STA. CRUZ,CARNAPPING MV,9,0.21,0.4333333333333333,0,2
PS 03 STA. CRUZ,CARNAPPING MV,10,0.27,0.4682872294787989,0,2
PS 03 STA. CRUZ,CARNAPPING MV,11,0.29,0.5558685986722932,0,2
PS 03 STA. CRUZ,CARNAPPING MV,12,0.2,0.44946657497549475,0,2
PS 03 STA. CRUZ,HOMICIDE,1,0.15,0.3859920970562727,0,2
PS 03 STA. CRUZ,HOMICIDE,2,0.16,0.4197161137740796,0,2
PS 03 STA. CRUZ,HOMICIDE,3,0.22,0.46231739501923763,0,2
PS 03 STA. CRUZ,HOMICIDE,4,0.22,0.43992653197477594,0,2
PS 03 STA. CRUZ,HOMICIDE,5,0.2,0.44946657497549464,0,2
PS 03 STA. CRUZ,HOMICIDE,6,0.27,0.5096047190685833,0,2
PS 03 STA. CRUZ,HOMICIDE,7,0.19,0.4860685407045248,0,3
PS 03 STA. CRUZ,HOMICIDE,8,0.15,0.41132945334843113,0,2
PS 03 STA. CRUZ,HOMICIDE,9,0.17,0.3775251680686369,0,1
PS 03 STA. CRUZ,HOMICIDE,10,0.23,0.48938221207451893,0,2
PS 03 STA. CRUZ,HOMICIDE,11,0.16,0.3684529491774706,0,1
PS 03 STA. CRUZ,HOMICIDE,12,0.15,0.3859920970562727,0,2
PS 03 STA. CRUZ,MURDER,1,0.66,0.7941706810925917,0,3
PS 03 STA. CRUZ,MURDER,2,0.58,0.7808309482192477,0,3
PS 03 STA. CRUZ,MURDER,3,0.69,0.8609954304833048,0,4
PS 03 STA. CRUZ,MURDER,4,0.69,0.8001893715259097,0,3
PS 03 STA. CRUZ,MURDER,5,0.79,0.8680059581790572,0,4
PS 03 STA. CRUZ,MURDER,6,0.8,0.8164965809277261,0,3
PS 03 STA. CRUZ,MURDER,7,0.6,0.7106690545187013,0,3
PS 03 STA. CRUZ,MURDER,8,0.89,0.9089343299499787,0,3
PS 03 STA. CRUZ,MURDER,9,0.74,0.7603826787755087,0,3
PS 03 STA. CRUZ,MURDER,10,0.68,0.8150106896491752,0,3
PS 03 STA. CRUZ,MURDER,11,0.67,0.8534540634292148,0,4
PS 03 STA. CRUZ,MURDER,12,0.77,0.9084897001912214,0,3
PS 03 STA. CRUZ,PHYSICAL INJURIES,1,1.64,1.3447991851889443,0,6
PS 03 STA. CRUZ,PHYSICAL INJURIES,2,1.6,1.2060453783110545,0,5
PS 03 STA. CRUZ,PHYSICAL INJURIES,3,1.85,1.4932508094081114,0,6
PS 03 STA. CRUZ,PHYSICAL INJURIES,4,1.92,1.2924020389580906,0,6
PS 03 STA. CRUZ,PHYSICAL INJURIES,5,1.57,1.2890760922913638,0,6
PS 03 STA. CRUZ,PHYSICAL INJURIES,6,1.84,1.2848770722948912,0,5
PS 03 STA. CRUZ,PHYSICAL INJURIES,7,1.86,1.2634728474975776,0,6
PS 03 STA. CRUZ,PHYSICAL INJURIES,8,1.95,1.5978204852330262,0,7
PS 03 STA. CRUZ,PHYSICAL INJURIES,9,1.72,1.3032980697391747,0,7
PS 03 STA. CRUZ,PHYSICAL INJURIES,10,1.67,1.1464041278024186,0,5
PS 03 STA. CRUZ,PHYSICAL INJURIES,11,1.78,1.3071674983286834,0,6
PS 03 STA. CRUZ,PHYSICAL INJURIES,12,1.7,1.2593087730412211,0,6
PS 03 STA. CRUZ,RAPE,1,1.27,1.1357816691600546,0,4
PS 03 STA. CRUZ,RAPE,2,1.36,1.2020185043702467,0,4
PS 03 STA. CRUZ,RAPE,3,1.24,1.1469767022723503,0,4
PS 03 STA. CRUZ,RAPE,4,1.35,1.1225422086055428,0,4
PS 03 STA. CRUZ,RAPE,5,1.09,1.0926291154085104,0,5
PS 03 STA. CRUZ,RAPE,6,1.07,1.165627242598108,0,4
PS 03 STA. CRUZ,RAPE,7,1.12,1.0662878115076142,0,5
PS 03 STA. CRUZ,RAPE,8,1.43,1.1913408115618842,0,5
PS 03 STA. CRUZ,RAPE,9,1.35,1.1403968828899222,0,4
PS 03 STA. CRUZ,RAPE,10,1.27,0.9832434473555758,0,4
PS 03 STA. CRUZ,RAPE,11,1.22,1.1856038822712103,0,6
PS 03 STA. CRUZ,RAPE,12,1.31,1.1073218214058713,0,5
PS 03 STA. CRUZ,ROBBERY,1,2.29,1.5458971439904983,0,7
PS 03 STA. CRUZ,ROBBERY,2,2.46,1.5070206073943089,0,7
PS 03 STA. CRUZ,ROBBERY,3,2.47,1.5856362837178088,0,6
PS 03 STA. CRUZ,ROBBERY,4,2.53,1.8116067983751862,0,9
PS 03 STA. CRUZ,ROBBERY,5,2.5,1.4034589305344742,0,5
PS 03 STA. CRUZ,ROBBERY,6,2.65,1.641476300299351,0,8
PS 03 STA. CRUZ,ROBBERY,7,2.34,1.4014422585466746,0,7
PS 03 STA. CRUZ,ROBBERY,8,2.64,1.4036028676591574,0,7
PS 03 STA. CRUZ,ROBBERY,9,2.69,1.4954138645413937,0,7
PS 03 STA. CRUZ,ROBBERY,10,2.26,1.4398372523071183,0,6
PS 03 STA. CRUZ,ROBBERY,11,2.73,1.5495519065559278,0,9
PS 03 STA. CRUZ,ROBBERY,12,2.7,1.459901753993443,0,7
PS 03 STA. CRUZ,THEFT,1,7.52,2.668484229072392,1,15
PS 03 STA. CRUZ,THEFT,2,7.42,2.9955522584881296,1,14
PS 03 STA. CRUZ,THEFT,3,6.97,2.6109907558765366,2,13
PS 03 STA. CRUZ,THEFT,4,7.55,2.683187460744208,2,15
PS 03 STA. CRUZ,THEFT,5,7.29,2.598737067006653,1,13
PS 03 STA. CRUZ,THEFT,6,7.04,2.3523897155312876,2,15
PS 03 STA. CRUZ,THEFT,7,7.41,2.5309997226312757,2,14
PS 03 STA. CRUZ,THEFT,8,7.41,2.667026490875241,1,15
PS 03 STA. CRUZ,THEFT,9,7.01,2.556413997233728,2,14
PS 03 STA. CRUZ,THEFT,10,7.38,2.980678520814421,3,18
PS 03 STA. CRUZ,THEFT,11,7.49,2.548499261300361,2,14
PS 03 STA. CRUZ,THEFT,12,7.21,2.7313925112486217,2,15
PS 04 SAMPALOC,CARNAPPING MC,1,1.49,1.1933739624029907,0,6
PS 04 SAMPALOC,CARNAPPING MC,2,1.32,1.1448611578296604,0,6
PS 04 SAMPALOC,CARNAPPING MC,3,1.49,1.243122494106488,0,5
PS 04 SAMPALOC,CARNAPPING MC,4,1.5,1.1326200964261066,0,4
PS 04 SAMPALOC,CARNAPPING MC,5,1.51,1.2349702486908396,0,6
PS 04 SAMPALOC,CARNAPPING MC,6,1.45,1.048086279122501,0,4
PS 04 SAMPALOC,CARNAPPING MC,7,1.55,1.2583057392117916,0,7
PS 04 SAMPALOC,CARNAPPING MC,8,1.3,1.1236664374387368,0,5
PS 04 SAMPALOC,CARNAPPING MC,9,1.54,1.1583687589961074,0,5
PS 04 SAMPALOC,CARNAPPING MC,10,1.77,1.4203072650918631,0,6
PS 04 SAMPALOC,CARNAPPING MC,11,1.59,1.4501480244889806,0,7
PS 04 SAMPALOC,CARNAPPING MC,12,1.52,1.2430006054103535,0,6
PS 04 SAMPALOC,CARNAPPING MV,1,0.2,0.4714045207910316,0,2
PS 04 SAMPALOC,CARNAPPING MV,2,0.2,0.4264014327112209,0,2
PS 04 SAMPALOC,CARNAPPING MV,3,0.26,0.5049252369900865,0,2
PS 04 SAMPALOC,CARNAPPING MV,4,0.21,0.40936018074033237,0,1
PS 04 SAMPALOC,CARNAPPING MV,5,0.23,0.42295258468165076,0,1
PS 04 SAMPALOC,CARNAPPING MV,6,0.17,0.40339468604243256,0,2
PS 04 SAMPALOC,CARNAPPING MV,7,0.22,0.483672817035849,0,2
PS 04 SAMPALOC,CARNAPPING MV,8,0.21,0.4333333333333333,0,2
PS 04 SAMPALOC,CARNAPPING MV,9,0.18,0.4353101761904371,0,2
PS 04 SAMPALOC,CARNAPPING MV,10,0.14,0.3765875486765087,0,2
PS 04 SAMPALOC,CARNAPPING MV,11,0.22,0.4836728170358492,0,2
PS 04 SAMPALOC,CARNAPPING MV,12,0.24,0.49482166974424735,0,2
PS 04 SAMPALOC,HOMICIDE,1,0.11,0.31446603773522014,0,1
PS 04 SAMPALOC,HOMICIDE,2,0.13,0.33799766898963113,0,1
PS 04 SAMPALOC,HOMICIDE,3,0.15,0.35887028128263676,0,1
PS 04 SAMPALOC,HOMICIDE,4,0.09,0.35090071691478936,0,2
PS 04 SAMPALOC,HOMICIDE,5,0.14,0.348735088019777,0,1
PS 04 SAMPALOC,HOMICIDE,6,0.13,0.3932511470376973,0,2
PS 04 SAMPALOC,HOMICIDE,7,0.1,0.30151134457776363,0,1
PS 04 SAMPALOC,HOMICIDE,8,0.22,0.4623173950192375,0,2
PS 04 SAMPALOC,HOMICIDE,9,0.12,0.3265986323710904,0,1
PS 04 SAMPALOC,HOMICIDE,10,0.13,0.3666666666666667,0,2
PS 04 SAMPALOC,HOMICIDE,11,0.08,0.27265992434429076,0,1
PS 04 SAMPALOC,HOMICIDE,12,0.12,0.38349798835288174,0,2
PS 04 SAMPALOC,MURDER,1,0.54,0.7023769168568492,0,3
PS 04 SAMPALOC,MURDER,2,0.55,0.7159792333764035,0,3
PS 04 SAMPALOC,MURDER,3,0.47,0.7028800779936816,0,3
PS 04 SAMPALOC,MURDER,4,0.39,0.6012613005301035,0,3
PS 04 SAMPALOC,MURDER,5,0.62,0.8012616314414424,0,4
PS 04 SAMPALOC,MURDER,6,0.57,0.7420283421851624,0,3
PS 04 SAMPALOC,MURDER,7,0.61,0.8977525248973661,0,5
PS 04 SAMPALOC,MURDER,8,0.48,0.7585206228927037,0,3
PS 04 SAMPALOC,MURDER,9,0.53,0.6735253251633257,0,3
PS 04 SAMPALOC,MURDER,10,0.46,0.7023769168568492,0,3
PS 04 SAMPALOC,MURDER,11,0.56,0.7826399252052327,0,3
PS 04 SAMPALOC,MURDER,12,0.4,0.6356417261637284,0,3
PS 04 SAMPALOC,PHYSICAL INJURIES,1,3.2,1.7232808737106582,0,8
PS 04 SAMPALOC,PHYSICAL INJURIES,2,3.02,1.6876257902985508,0,8
PS 04 SAMPALOC,PHYSICAL INJURIES,3,3.13,1.812721599131978,0,11
PS 04 SAMPALOC,PHYSICAL INJURIES,4,3.07,1.6033739678590522,0,6
PS 04 SAMPALOC,PHYSICAL INJURIES,5,3.3,2.0621651855574648,0,11
PS 04 SAMPALOC,PHYSICAL INJURIES,6,2.85,1.671961287068138,0,9
PS 04 SAMPALOC,PHYSICAL INJURIES,7,2.94,1.7628030937897592,0,8
PS 04 SAMPALOC,PHYSICAL INJURIES,8,2.89,1.7574947734738442,0,9
PS 04 SAMPALOC,PHYSICAL INJURIES,9,3.27,1.9061569566628935,0,9
PS 04 SAMPALOC,PHYSICAL INJURIES,10,3.27,1.780108951381313,0,8
PS 04 SAMPALOC,PHYSICAL INJURIES,11,3.28,1.8095146958075345,0,8
PS 04 SAMPALOC,PHYSICAL INJURIES,12,3.18,1.6229415867305248,0,9
PS 04 SAMPALOC,RAPE,1,2.14,1.5177069359511879,0,7
PS 04 SAMPALOC,RAPE,2,2.32,1.5033968272555385,0,7
PS 04 SAMPALOC,RAPE,3,2.06,1.4621141466307537,0,7
PS 04 SAMPALOC,RAPE,4,2.02,1.4701061598442886,0,7
PS 04 SAMPALOC,RAPE,5,2.08,1.4119261147579052,0,5
PS 04 SAMPALOC,RAPE,6,2.02,1.4562994475066178,0,8
PS 04 SAMPALOC,RAPE,7,2.22,1.5864323738400188,0,7
PS 04 SAMPALOC,RAPE,8,2.18,1.493284631240471,0,7
PS 04 SAMPALOC,RAPE,9,2.0,1.4974726182552531,0,7
PS 04 SAMPALOC,RAPE,10,2.06,1.384035966135113,0,6
PS 04 SAMPALOC,RAPE,11,2.17,1.5573546594637764,0,8
PS 04 SAMPALOC,RAPE,12,1.89,1.4205917105490966,0,6
PS 04 SAMPALOC,ROBBERY,1,3.98,1.808956393151375,1,12
PS 04 SAMPALOC,ROBBERY,2,3.9,2.042478193694408,0,9
PS 04 SAMPALOC,ROBBERY,3,3.71,1.8493515106926026,0,8
PS 04 SAMPALOC,ROBBERY,4,3.88,1.981123036272226,0,10
PS 04 SAMPALOC,ROBBERY,5,3.58,1.854179009151974,0,10
PS 04 SAMPALOC,ROBBERY,6,3.55,1.8876258403431845,0,9
PS 04 SAMPALOC,ROBBERY,7,3.72,1.9647396825539054,0,8
PS 04 SAMPALOC,ROBBERY,8,3.76,2.0798212821433877,0,11
PS 04 SAMPALOC,ROBBERY,9,3.27,1.5232540924950868,0,7
PS 04 SAMPALOC,ROBBERY,10,3.59,1.8482588038639518,0,8
PS 04 SAMPALOC,ROBBERY,11,3.73,2.0882306076453983,0,9
PS 04 SAMPALOC,ROBBERY,12,3.64,2.1249836600678966,0,10
PS 04 SAMPALOC,THEFT,1,6.3,2.779797245712847,0,14
PS 04 SAMPALOC,THEFT,2,6.57,2.156760571230882,2,12
PS 04 SAMPALOC,THEFT,3,6.24,2.454103963288081,1,12
PS 04 SAMPALOC,THEFT,4,6.38,2.5811280910141257,1,13
PS 04 SAMPALOC,THEFT,5,5.57,2.4505410657957793,0,12
PS 04 SAMPALOC,THEFT,6,6.06,2.5655841873191814,1,13
PS 04 SAMPALOC,THEFT,7,6.3,2.4597774392219,2,12
PS 04 SAMPALOC,THEFT,8,6.01,2.354857434188647,1,12
PS 04 SAMPALOC,THEFT,9,5.96,2.624361394181969,0,12
PS 04 SAMPALOC,THEFT,10,6.19,2.517394034964079,1,12
PS 04 SAMPALOC,THEFT,11,6.3,2.451550735779501,0,14
PS 04 SAMPALOC,THEFT,12,6.19,2.6994013552578053,0,14
PS 05 ERMITA,CARNAPPING MC,1,1.87,1.4117472518231808,0,5
PS 05 ERMITA,CARNAPPING MC,2,1.97,1.6046334425184108,0,8
PS 05 ERMITA,CARNAPPING MC,3,2.12,1.4018746467685783,0,8
PS 05 ERMITA,CARNAPPING MC,4,2.08,1.4332276211898145,0,7
PS 05 ERMITA,CARNAPPING MC,5,1.84,1.3387767671733901,0,7
PS 05 ERMITA,CARNAPPING MC,6,1.97,1.5728440430755948,0,8
PS 05 ERMITA,CARNAPPING MC,7,1.92,1.2527142249104257,0,6
PS 05 ERMITA,CARNAPPING MC,8,1.67,1.2476644848141936,0,6
PS 05 ERMITA,CARNAPPING MC,9,1.85,1.3437096247164249,0,6
PS 05 ERMITA,CARNAPPING MC,10,1.94,1.4057601559873631,0,7
PS 05 ERMITA,CARNAPPING MC,11,1.88,1.1216870411045219,0,5
PS 05 ERMITA,CARNAPPING MC,12,1.92,1.2364824660660938,0,6
PS 05 ERMITA,CARNAPPING MV,1,0.3,0.5412294272573257,0,2
PS 05 ERMITA,CARNAPPING MV,2,0.4,0.6513389472789295,0,3
PS 05 ERMITA,CARNAPPING MV,3,0.41,0.6210938542262158,0,2
PS 05 ERMITA,CARNAPPING MV,4,0.5,0.7177405625652734,0,3
PS 05 ERMITA,CARNAPPING MV,5,0.39,0.70917507917953,0,3
PS 05 ERMITA,CARNAPPING MV,6,0.52,0.7847022210734311,0,4
PS 05 ERMITA,CARNAPPING MV,7,0.48,0.6587407638361193,0,2
PS 05 ERMITA,CARNAPPING MV,8,0.34,0.5898125023079689,0,3
PS 05 ERMITA,CARNAPPING MV,9,0.37,0.580055727033745,0,3
PS 05 ERMITA,CARNAPPING MV,10,0.44,0.6083592771553747,0,2
PS 05 ERMITA,CARNAPPING MV,11,0.58,0.7677857445244406,0,3
PS 05 ERMITA,CARNAPPING MV,12,0.42,0.6843119378491276,0,3
PS 05 ERMITA,HOMICIDE,1,0.14,0.42687494916218993,0,2
PS 05 ERMITA,HOMICIDE,2,0.17,0.42770234150550646,0,2
PS 05 ERMITA,HOMICIDE,3,0.2,0.4494665749754947,0,2
PS 05 ERMITA,HOMICIDE,4,0.18,0.41145221993924064,0,2
PS 05 ERMITA,HOMICIDE,5,0.24,0.5148305595538256,0,2
PS 05 ERMITA,HOMICIDE,6,0.18,0.43531017619043716,0,2
PS 05 ERMITA,HOMICIDE,7,0.13,0.3379976689896311,0,1
PS 05 ERMITA,HOMICIDE,8,0.17,0.4033946860424325,0,2
PS 05 ERMITA,HOMICIDE,9,0.16,0.3949172013974524,0,2
PS 05 ERMITA,HOMICIDE,10,0.25,0.5573204290227127,0,4
PS 05 ERMITA,HOMICIDE,11,0.15,0.3859920970562727,0,2
PS 05 ERMITA,HOMICIDE,12,0.18,0.41145221993924075,0,2
PS 05 ERMITA,MURDER,1,1.75,1.2257753678897503,0,5
PS 05 ERMITA,MURDER,2,1.77,1.4274013967608226,0,8
PS 05 ERMITA,MURDER,3,1.81,1.3535960336164634,0,6
PS 05 ERMITA,MURDER,4,1.73,1.187944494162973,0,5
PS 05 ERMITA,MURDER,5,2.15,1.559428799855313,0,6
PS 05 ERMITA,MURDER,6,1.81,1.3684393529222487,0,7
PS 05 ERMITA,MURDER,7,1.65,1.2421470496399747,0,5
PS 05 ERMITA,MURDER,8,1.69,1.2528351685660646,0,7
PS 05 ERMITA,MURDER,9,1.45,1.5067189585991212,0,7
PS 05 ERMITA,MURDER,10,1.71,1.297199781347219,0,7
PS 05 ERMITA,MURDER,11,1.8,1.4633571475938951,0,6
PS 05 ERMITA,MURDER,12,1.89,1.3172898410192515,0,6
PS 05 ERMITA,PHYSICAL INJURIES,1,2.94,1.7280806191444387,0,9
PS 05 ERMITA,PHYSICAL INJURIES,2,2.85,1.8333333333333335,0,8
PS 05 ERMITA,PHYSICAL INJURIES,3,3.03,1.6046334425184101,0,8
PS 05 ERMITA,PHYSICAL INJURIES,4,2.83,1.5894538799108442,0,7
PS 05 ERMITA,PHYSICAL INJURIES,5,2.86,1.4908474981118165,0,6
PS 05 ERMITA,PHYSICAL INJURIES,6,2.85,1.7313216764872865,0,8
PS 05 ERMITA,PHYSICAL INJURIES,7,2.94,1.8685055877125798,0,7
PS 05 ERMITA,PHYSICAL INJURIES,8,2.73,1.632096006286816,0,7
PS 05 ERMITA,PHYSICAL INJURIES,9,2.97,1.6542262984442748,0,7
PS 05 ERMITA,PHYSICAL INJURIES,10,2.54,1.4100648312339503,0,7
PS 05 ERMITA,PHYSICAL INJURIES,11,2.53,1.5403987415043814,0,7
PS 05 ERMITA,PHYSICAL INJURIES,12,2.92,1.7620006993887558,0,7
PS 05 ERMITA,RAPE,1,1.58,1.288488269330389,0,7
PS 05 ERMITA,RAPE,2,1.75,1.5398740601789882,0,6
PS 05 ERMITA,RAPE,3,1.75,1.2175069742400793,0,5
PS 05 ERMITA,RAPE,4,1.78,1.322532006830424,0,5
PS 05 ERMITA,RAPE,5,1.88,1.1483849001044375,0,4
PS 05 ERMITA,RAPE,6,1.61,1.2783749153681105,0,5
PS 05 ERMITA,RAPE,7,1.72,1.2955245417914083,0,6
PS 05 ERMITA,RAPE,8,2.03,1.445683229480096,0,7
PS 05 ERMITA,RAPE,9,1.58,1.0934146311237816,0,5
PS 05 ERMITA,RAPE,10,1.55,1.122542208605543,0,5
PS 05 ERMITA,RAPE,11,1.87,1.2843659757234147,0,5
PS 05 ERMITA,RAPE,12,1.58,1.1562740578987738,0,6
PS 05 ERMITA,ROBBERY,1,5.37,2.3296724528082784,1,12
PS 05 ERMITA,ROBBERY,2,5.56,2.4217866349145014,1,12
PS 05 ERMITA,ROBBERY,3,5.05,2.3841861157098103,0,12
PS 05 ERMITA,ROBBERY,4,4.98,2.3005489024416006,0,11
PS 05 ERMITA,ROBBERY,5,5.2,2.3441308613107537,1,12
PS 05 ERMITA,ROBBERY,6,5.39,2.3651296759032863,0,11
PS 05 ERMITA,ROBBERY,7,5.83,2.3096416268426676,1,14
PS 05 ERMITA,ROBBERY,8,5.58,2.412844417242476,1,12
PS 05 ERMITA,ROBBERY,9,5.15,2.3371181425253647,1,13
PS 05 ERMITA,ROBBERY,10,5.5,2.2852182001336816,1,12
PS 05 ERMITA,ROBBERY,11,5.41,2.5901717894745704,1,14
PS 05 ERMITA,ROBBERY,12,5.32,2.4613374043762914,1,14
PS 05 ERMITA,THEFT,1,11.1,3.4801021696368504,5,25
PS 05 ERMITA,THEFT,2,12.29,3.2139060221468707,6,24
PS 05 ERMITA,THEFT,3,12.12,3.0757441408872133,6,21
PS 05 ERMITA,THEFT,4,11.9,3.3166247903554003,5,20
PS 05 ERMITA,THEFT,5,12.46,3.2579971538577897,4,22
PS 05 ERMITA,THEFT,6,12.89,3.7709549201894483,4,22
PS 05 ERMITA,THEFT,7,13.01,3.05338030928532,6,21
PS 05 ERMITA,THEFT,8,12.1,3.412691701057194,3,20
PS 05 ERMITA,THEFT,9,12.33,3.562019061989955,5,21
PS 05 ERMITA,THEFT,10,11.66,3.2042270061702407,4,19
PS 05 ERMITA,THEFT,11,12.1,3.289100457295554,2,19
PS 05 ERMITA,THEFT,12,11.99,3.343907470567505,6,24
PS 06 STA. ANA,CARNAPPING MC,1,0.74,0.7865022940753947,0,3
PS 06 STA. ANA,CARNAPPING MC,2,0.81,0.8841477092189814,0,3
PS 06 STA. ANA,CARNAPPING MC,3,0.95,0.9679197729505722,0,4
PS 06 STA. ANA,CARNAPPING MC,4,1.0,1.0347497623614468,0,5
PS 06 STA. ANA,CARNAPPING MC,5,0.97,1.0195562512656915,0,5
PS 06 STA. ANA,CARNAPPING MC,6,1.05,1.122542208605543,0,4
PS 06 STA. ANA,CARNAPPING MC,7,1.0,1.063632046956621,0,5
PS 06 STA. ANA,CARNAPPING MC,8,0.96,0.8752488823532459,0,4
PS 06 STA. ANA,CARNAPPING MC,9,1.08,1.0118489926063,0,5
PS 06 STA. ANA,CARNAPPING MC,10,0.97,0.9893881386437219,0,4
PS 06 STA. ANA,CARNAPPING MC,11,0.77,0.8744984132332515,0,4
PS 06 STA. ANA,CARNAPPING MC,12,1.07,1.066050958662224,0,5
PS 06 STA. ANA,CARNAPPING MV,1,0.14,0.4025173313289776,0,2
PS 06 STA. ANA,CARNAPPING MV,2,0.14,0.34873508801977704,0,1
PS 06 STA. ANA,CARNAPPING MV,3,0.12,0.3265986323710904,0,1
PS 06 STA. ANA,CARNAPPING MV,4,0.22,0.4623173950192375,0,2
PS 06 STA. ANA,CARNAPPING MV,5,0.19,0.3942772444036625,0,1
PS 06 STA. ANA,CARNAPPING MV,6,0.14,0.44991581704163547,0,3
PS 06 STA. ANA,CARNAPPING MV,7,0.15,0.38599209705627263,0,2
PS 06 STA. ANA,CARNAPPING MV,8,0.2,0.4494665749754948,0,2
PS 06 STA. ANA,CARNAPPING MV,9,0.17,0.40339468604243256,0,2
PS 06 STA. ANA,CARNAPPING MV,10,0.08,0.2726599243442907,0,1
PS 06 STA. ANA,CARNAPPING MV,11,0.11,0.34509550720186016,0,2
PS 06 STA. ANA,CARNAPPING MV,12,0.1,0.30151134457776363,0,1
PS 06 STA. ANA,HOMICIDE,1,0.08,0.30748244591432294,0,2
PS 06 STA. ANA,HOMICIDE,2,0.04,0.19694638556693236,0,1
PS 06 STA. ANA,HOMICIDE,3,0.05,0.21904291355759034,0,1
PS 06 STA. ANA,HOMICIDE,4,0.05,0.21904291355759037,0,1
PS 06 STA. ANA,HOMICIDE,5,0.03,0.1714466079977653,0,1
PS 06 STA. ANA,HOMICIDE,6,0.05,0.21904291355759034,0,1
PS 06 STA. ANA,HOMICIDE,7,0.06,0.23868325657594205,0,1
PS 06 STA. ANA,HOMICIDE,8,0.08,0.3074824459143229,0,2
PS 06 STA. ANA,HOMICIDE,9,0.06,0.23868325657594205,0,1
PS 06 STA. ANA,HOMICIDE,10,0.06,0.23868325657594203,0,1
PS 06 STA. ANA,HOMICIDE,11,0.07,0.2564323999762428,0,1
PS 06 STA. ANA,HOMICIDE,12,0.05,0.21904291355759034,0,1
PS 06 STA. ANA,MURDER,1,0.37,0.6138963160572694,0,3
PS 06 STA. ANA,MURDER,2,0.35,0.5751591786697668,0,2
PS 06 STA. ANA,MURDER,3,0.23,0.4682872294787988,0,2
PS 06 STA. ANA,MURDER,4,0.38,0.5993262210114948,0,2
PS 06 STA. ANA,MURDER,5,0.22,0.483672817035849,0,2
PS 06 STA. ANA,MURDER,6,0.32,0.6010092521851234,0,2
PS 06 STA. ANA,MURDER,7,0.42,0.6384957068585251,0,3
PS 06 STA. ANA,MURDER,8,0.35,0.6092717958449423,0,2
PS 06 STA. ANA,MURDER,9,0.3,0.5773502691896257,0,3
PS 06 STA. ANA,MURDER,10,0.32,0.6648459987246687,0,3
PS 06 STA. ANA,MURDER,11,0.29,0.5373898759633259,0,3
PS 06 STA. ANA,MURDER,12,0.33,0.6674994798166928,0,3
PS 06 STA. ANA,PHYSICAL INJURIES,1,1.79,1.2576633777434931,0,5
PS 06 STA. ANA,PHYSICAL INJURIES,2,1.88,1.3653726320101864,0,6
PS 06 STA. ANA,PHYSICAL INJURIES,3,1.64,1.259469184324343,0,5
PS 06 STA. ANA,PHYSICAL INJURIES,4,1.79,1.5128740459099295,0,7
PS 06 STA. ANA,PHYSICAL INJURIES,5,1.6,1.2633129445864137,0,5
PS 06 STA. ANA,PHYSICAL INJURIES,6,1.98,1.4562994475066182,0,6
PS 06 STA. ANA,PHYSICAL INJURIES,7,2.07,1.5126069542282943,0,8
PS 06 STA. ANA,PHYSICAL INJURIES,8,1.53,1.4595903673305193,0,6
PS 06 STA. ANA,PHYSICAL INJURIES,9,1.72,1.4844650092327416,0,6
PS 06 STA. ANA,PHYSICAL INJURIES,10,1.83,1.2796385221908364,0,6
PS 06 STA. ANA,PHYSICAL INJURIES,11,1.76,1.3113336568531897,0,5
PS 06 STA. ANA,PHYSICAL INJURIES,12,1.93,1.3200474432857525,0,6
PS 06 STA. ANA,RAPE,1,1.17,1.101468257932258,0,4
PS 06 STA. ANA,RAPE,2,1.24,1.2318992481431903,0,5
PS 06 STA. ANA,RAPE,3,1.3,1.1677484162422842,0,5
PS 06 STA. ANA,RAPE,4,1.15,0.967919772950572,0,4
PS 06 STA. ANA,RAPE,5,1.07,0.9770601131181562,0,4
PS 06 STA. ANA,RAPE,6,1.18,0.9783515304693488,0,4
PS 06 STA. ANA,RAPE,7,1.15,1.0576799462440747,0,4
PS 06 STA. ANA,RAPE,8,1.14,1.1193432417847946,0,5
PS 06 STA. ANA,RAPE,9,1.48,1.2183777921664711,0,5
PS 06 STA. ANA,RAPE,10,1.27,1.0430627008860962,0,4
PS 06 STA. ANA,RAPE,11,1.16,1.1075498483890764,0,5
PS 06 STA. ANA,RAPE,12,1.12,1.2083881910222478,0,6
PS 06 STA. ANA,ROBBERY,1,2.59,1.8427855506972548,0,8
PS 06 STA. ANA,ROBBERY,2,2.5,1.4805131515522554,0,7
PS 06 STA. ANA,ROBBERY,3,2.54,1.5661830330230537,0,8
PS 06 STA. ANA,ROBBERY,4,2.37,1.7329545040569623,0,7
PS 06 STA. ANA,ROBBERY,5,2.58,1.6828307080390443,0,8
PS 06 STA. ANA,ROBBERY,6,2.34,1.5056794835125793,0,7
PS 06 STA. ANA,ROBBERY,7,2.29,1.4234330388752454,0,6
PS 06 STA. ANA,ROBBERY,8,2.59,1.6211668076363448,0,7
PS 06 STA. ANA,ROBBERY,9,2.54,1.6106965680547765,0,6
PS 06 STA. ANA,ROBBERY,10,2.75,1.9299604852813632,0,8
PS 06 STA. ANA,ROBBERY,11,2.31,1.6186726074475377,0,7
PS 06 STA. ANA,ROBBERY,12,2.78,1.6179548132682129,0,7
PS 06 STA. ANA,THEFT,1,3.38,1.7568336991487403,0,9
PS 06 STA. ANA,THEFT,2,3.69,1.8839835294911524,0,9
PS 06 STA. ANA,THEFT,3,3.85,2.0269646910061994,0,9
PS 06 STA. ANA,THEFT,4,3.86,2.045048220023729,0,9
PS 06 STA. ANA,THEFT,5,3.94,2.2056859488718024,0,11
PS 06 STA. ANA,THEFT,6,3.53,1.9198853080222262,0,10
PS 06 STA. ANA,THEFT,7,3.76,1.7414727309743536,0,10
PS 06 STA. ANA,THEFT,8,3.84,1.9985853582830622,0,9
PS 06 STA. ANA,THEFT,9,3.96,1.8958753741592393,0,9
PS 06 STA. ANA,THEFT,10,3.72,1.869910601222865,0,9
PS 06 STA. ANA,THEFT,11,3.46,1.8825085348646855,0,9
PS 06 STA. ANA,THEFT,12,3.78,1.861790167087211,0,10
PS 07 J.A. SANTOS,CARNAPPING MC,1,0.79,0.8680059581790572,0,3
PS 07 J.A. SANTOS,CARNAPPING MC,2,0.78,0.871316199316826,0,3
PS 07 J.A. SANTOS,CARNAPPING MC,3,0.9,0.904534033733291,0,3
PS 07 J.A. SANTOS,CARNAPPING MC,4,0.69,0.8250497383231331,0,4
PS 07 J.A. SANTOS,CARNAPPING MC,5,0.77,0.8147007878585695,0,3
PS 07 J.A. SANTOS,CARNAPPING MC,6,0.64,0.7456269817808336,0,3
PS 07 J.A. SANTOS,CARNAPPING MC,7,0.67,0.7920692756152946,0,3
PS 07 J.A. SANTOS,CARNAPPING MC,8,0.69,0.8841477092189809,0,4
PS 07 J.A. SANTOS,CARNAPPING MC,9,0.81,0.8726483550177307,0,4
PS 07 J.A. SANTOS,CARNAPPING MC,10,0.95,0.9987365756167877,0,5
PS 07 J.A. SANTOS,CARNAPPING MC,11,0.82,0.8805416147766869,0,3
PS 07 J.A. SANTOS,CARNAPPING MC,12,0.82,0.8211841659112981,0,3
PS 07 J.A. SANTOS,CARNAPPING MV,1,0.18,0.3861229196653691,0,1
PS 07 J.A. SANTOS,CARNAPPING MV,2,0.2,0.4020151261036849,0,1
PS 07 J.A. SANTOS,CARNAPPING MV,3,0.17,0.40339468604243256,0,2
PS 07 J.A. SANTOS,CARNAPPING MV,4,0.14,0.37658754867650873,0,2
PS 07 J.A. SANTOS,CARNAPPING MV,5,0.17,0.42770234150550646,0,2
PS 07 J.A. SANTOS,CARNAPPING MV,6,0.16,0.3949172013974524,0,2
PS 07 J.A. SANTOS,CARNAPPING MV,7,0.21,0.4333333333333333,0,2
PS 07 J.A. SANTOS,CARNAPPING MV,8,0.23,0.4229525846816507,0,1
PS 07 J.A. SANTOS,CARNAPPING MV,9,0.18,0.43531017619043727,0,2
PS 07 J.A. SANTOS,CARNAPPING MV,10,0.21,0.4333333333333333,0,2
PS 07 J.A. SANTOS,CARNAPPING MV,11,0.18,0.41145221993924075,0,2
PS 07 J.A. SANTOS,CARNAPPING MV,12,0.15,0.3588702812826367,0,1
PS 07 J.A. SANTOS,HOMICIDE,1,0.16,0.4197161137740797,0,2
PS 07 J.A. SANTOS,HOMICIDE,2,0.22,0.4623173950192375,0,2
PS 07 J.A. SANTOS,HOMICIDE,3,0.28,0.5333333333333333,0,2
PS 07 J.A. SANTOS,HOMICIDE,4,0.19,0.5064233865696236,0,2
PS 07 J.A. SANTOS,HOMICIDE,5,0.23,0.468287229478799,0,2
PS 07 J.A. SANTOS,HOMICIDE,6,0.18,0.45792681696639004,0,2
PS 07 J.A. SANTOS,HOMICIDE,7,0.19,0.4191140246479062,0,2
PS 07 J.A. SANTOS,HOMICIDE,8,0.24,0.4739688435398098,0,2
PS 07 J.A. SANTOS,HOMICIDE,9,0.18,0.43531017619043716,0,2
PS 07 J.A. SANTOS,HOMICIDE,10,0.2,0.42640143271122083,0,2
PS 07 J.A. SANTOS,HOMICIDE,11,0.17,0.42770234150550646,0,2
PS 07 J.A. SANTOS,HOMICIDE,12,0.23,0.4682872294787989,0,2
PS 07 J.A. SANTOS,MURDER,1,0.48,0.9154123649917547,0,7
PS 07 J.A. SANTOS,MURDER,2,0.63,0.7338152686370382,0,3
PS 07 J.A. SANTOS,MURDER,3,0.55,0.7299508769967213,0,3
PS 07 J.A. SANTOS,MURDER,4,0.57,0.9129262530097065,0,4
PS 07 J.A. SANTOS,MURDER,5,0.52,0.703239258393226,0,3
PS 07 J.A. SANTOS,MURDER,6,0.58,0.7936617603859907,0,4
PS 07 J.A. SANTOS,MURDER,7,0.57,0.7142842712828137,0,3
PS 07 J.A. SANTOS,MURDER,8,0.68,0.8273115763993906,0,3
PS 07 J.A. SANTOS,MURDER,9,0.54,0.7166138105949069,0,3
PS 07 J.A. SANTOS,MURDER,10,0.6,0.752101433090355,0,4
PS 07 J.A. SANTOS,MURDER,11,0.54,0.6878454136877798,0,2
PS 07 J.A. SANTOS,MURDER,12,0.59,0.6976873775321415,0,3
PS 07 J.A. SANTOS,PHYSICAL INJURIES,1,2.32,1.5819691092515882,0,8
PS 07 J.A. SANTOS,PHYSICAL INJURIES,2,2.21,1.6099124764465254,0,7
PS 07 J.A. SANTOS,PHYSICAL INJURIES,3,2.27,1.63827329647388,0,7
PS 07 J.A. SANTOS,PHYSICAL INJURIES,4,2.07,1.4856553157350185,0,7
PS 07 J.A. SANTOS,PHYSICAL INJURIES,5,2.35,1.6476184220402683,0,7
PS 07 J.A. SANTOS,PHYSICAL INJURIES,6,2.08,1.5087622862345267,0,7
PS 07 J.A. SANTOS,PHYSICAL INJURIES,7,2.42,1.6947929762431846,0,8
PS 07 J.A. SANTOS,PHYSICAL INJURIES,8,1.74,1.3455500921574974,0,5
PS 07 J.A. SANTOS,PHYSICAL INJURIES,9,2.24,1.5771089776146503,0,6
PS 07 J.A. SANTOS,PHYSICAL INJURIES,10,2.28,1.5575168011480922,0,7
PS 07 J.A. SANTOS,PHYSICAL INJURIES,11,2.02,1.4632190885202738,0,6
PS 07 J.A. SANTOS,PHYSICAL INJURIES,12,2.2,1.4354811251305466,0,7
PS 07 J.A. SANTOS,RAPE,1,1.86,1.407196510869047,0,6
PS 07 J.A. SANTOS,RAPE,2,1.34,1.102980351849323,0,4
PS 07 J.A. SANTOS,RAPE,3,1.6,1.1976407785072425,0,5
PS 07 J.A. SANTOS,RAPE,4,1.59,1.231694242525598,0,6
PS 07 J.A. SANTOS,RAPE,5,1.42,1.173615668510666,0,6
PS 07 J.A. SANTOS,RAPE,6,1.49,1.2349702486908398,0,6
PS 07 J.A. SANTOS,RAPE,7,1.77,1.3322343956108043,0,5
PS 07 J.A. SANTOS,RAPE,8,1.65,1.2742595393943,0,5
PS 07 J.A. SANTOS,RAPE,9,1.54,1.2666666666666666,0,5
PS 07 J.A. SANTOS,RAPE,10,1.5,1.2018504251546631,0,5
PS 07 J.A. SANTOS,RAPE,11,1.55,1.282161999881214,0,5
PS 07 J.A. SANTOS,RAPE,12,1.6,1.1806521053804944,0,5
PS 07 J.A. SANTOS,ROBBERY,1,2.29,1.4515404565390857,0,7
PS 07 J.A. SANTOS,ROBBERY,2,2.32,1.5946881522825402,0,8
PS 07 J.A. SANTOS,ROBBERY,3,2.22,1.4946368769501823,0,6
PS 07 J.A. SANTOS,ROBBERY,4,2.13,1.447079957721896,0,7
PS 07 J.A. SANTOS,ROBBERY,5,2.03,1.3139115785940987,0,7
PS 07 J.A. SANTOS,ROBBERY,6,2.25,1.5398740601789882,0,7
PS 07 J.A. SANTOS,ROBBERY,7,2.23,1.448475339134501,0,6
PS 07 J.A. SANTOS,ROBBERY,8,2.27,1.4761059883656353,0,7
PS 07 J.A. SANTOS,ROBBERY,9,2.32,1.4061912165042623,0,6
PS 07 J.A. SANTOS,ROBBERY,10,2.08,1.3756908273755597,0,5
PS 07 J.A. SANTOS,ROBBERY,11,2.26,1.4881348912465748,0,6
PS 07 J.A. SANTOS,ROBBERY,12,2.18,1.2502928949779417,0,5
PS 07 J.A. SANTOS,THEFT,1,3.53,1.877323476213791,0,9
PS 07 J.A. SANTOS,THEFT,2,3.24,1.831927835903914,0,8
PS 07 J.A. SANTOS,THEFT,3,3.31,1.773514458738224,0,8
PS 07 J.A. SANTOS,THEFT,4,3.37,1.851316757708885,0,9
PS 07 J.A. SANTOS,THEFT,5,3.45,1.6840007677725644,0,8
PS 07 J.A. SANTOS,THEFT,6,3.25,1.8443196988361727,0,10
PS 07 J.A. SANTOS,THEFT,7,3.38,1.5027247978860994,0,8
PS 07 J.A. SANTOS,THEFT,8,3.35,1.8660983983496777,0,9
PS 07 J.A. SANTOS,THEFT,9,3.21,2.0014893444531743,0,12
PS 07 J.A. SANTOS,THEFT,10,3.18,1.7602800511810208,0,9
PS 07 J.A. SANTOS,THEFT,11,3.03,1.5728440430755943,0,8
PS 07 J.A. SANTOS,THEFT,12,2.79,1.5393492000179685,0,7
PS 08 STA. MESA,CARNAPPING MC,1,0.78,0.8478135872866622,0,3
PS 08 STA. MESA,CARNAPPING MC,2,0.89,0.962897563176747,0,4
PS 08 STA. MESA,CARNAPPING MC,3,1.04,1.0436919705032368,0,5
PS 08 STA. MESA,CARNAPPING MC,4,0.72,0.8418354166265927,0,3
PS 08 STA. MESA,CARNAPPING MC,5,1.01,0.9897964284119083,0,5
PS 08 STA. MESA,CARNAPPING MC,6,0.81,0.9287223764534007,0,4
PS 08 STA. MESA,CARNAPPING MC,7,0.75,0.8211226608993473,0,3
PS 08 STA. MESA,CARNAPPING MC,8,0.73,0.8022065529122495,0,3
PS 08 STA. MESA,CARNAPPING MC,9,0.69,0.787464926267202,0,3
PS 08 STA. MESA,CARNAPPING MC,10,0.98,1.1890068854877895,0,5
PS 08 STA. MESA,CARNAPPING MC,11,0.86,0.9746276160149527,0,4
PS 08 STA. MESA,CARNAPPING MC,12,0.81,0.8609954304833048,0,3
PS 08 STA. MESA,CARNAPPING MV,1,0.12,0.3265986323710904,0,1
PS 08 STA. MESA,CARNAPPING MV,2,0.12,0.32659863237109044,0,1
PS 08 STA. MESA,CARNAPPING MV,3,0.13,0.3932511470376974,0,2
PS 08 STA. MESA,CARNAPPING MV,4,0.16,0.39491720139745246,0,2
PS 08 STA. MESA,CARNAPPING MV,5,0.16,0.3949172013974524,0,2
PS 08 STA. MESA,CARNAPPING MV,6,0.17,0.4507009131689364,0,2
PS 08 STA. MESA,CARNAPPING MV,7,0.13,0.36666666666666664,0,2
PS 08 STA. MESA,CARNAPPING MV,8,0.07,0.2564323999762428,0,1
PS 08 STA. MESA,CARNAPPING MV,9,0.1,0.36237153766973934,0,2
PS 08 STA. MESA,CARNAPPING MV,10,0.1,0.30151134457776363,0,1
PS 08 STA. MESA,CARNAPPING MV,11,0.18,0.3861229196653691,0,1
PS 08 STA. MESA,CARNAPPING MV,12,0.11,0.3144660377352202,0,1
PS 08 STA. MESA,HOMICIDE,1,0.01,0.1,0,1
PS 08 STA. MESA,HOMICIDE,2,0.02,0.1407052941362897,0,1
PS 08 STA. MESA,HOMICIDE,3,0.04,0.19694638556693236,0,1
PS 08 STA. MESA,HOMICIDE,4,0.06,0.23868325657594203,0,1
PS 08 STA. MESA,HOMICIDE,5,0.02,0.1407052941362897,0,1
PS 08 STA. MESA,HOMICIDE,6,0.01,0.09999999999999999,0,1
PS 08 STA. MESA,HOMICIDE,7,0.02,0.1407052941362897,0,1
PS 08 STA. MESA,HOMICIDE,8,0.03,0.1714466079977653,0,1
PS 08 STA. MESA,HOMICIDE,9,0.03,0.17144660799776532,0,1
PS 08 STA. MESA,HOMICIDE,10,0.01,0.09999999999999999,0,1
PS 08 STA. MESA,HOMICIDE,11,0.01,0.09999999999999999,0,1
PS 08 STA. MESA,HOMICIDE,12,0.0,0.0,0,0
PS 08 STA. MESA,MURDER,1,0.08,0.27265992434429076,0,1
PS 08 STA. MESA,MURDER,2,0.04,0.19694638556693242,0,1
PS 08 STA. MESA,MURDER,3,0.06,0.23868325657594205,0,1
PS 08 STA. MESA,MURDER,4,0.06,0.23868325657594208,0,1
PS 08 STA. MESA,MURDER,5,0.08,0.3074824459143229,0,2
PS 08 STA. MESA,MURDER,6,0.1,0.33333333333333326,0,2
PS 08 STA. MESA,MURDER,7,0.06,0.23868325657594205,0,1
PS 08 STA. MESA,MURDER,8,0.05,0.21904291355759034,0,1
PS 08 STA. MESA,MURDER,9,0.09,0.28762349126466136,0,1
PS 08 STA. MESA,MURDER,10,0.14,0.37658754867650873,0,2
PS 08 STA. MESA,MURDER,11,0.04,0.19694638556693236,0,1
PS 08 STA. MESA,MURDER,12,0.14,0.3765875486765086,0,2
PS 08 STA. MESA,PHYSICAL INJURIES,1,1.49,1.2431224941064878,0,7
PS 08 STA. MESA,PHYSICAL INJURIES,2,1.25,1.1492202011394816,0,5
PS 08 STA. MESA,PHYSICAL INJURIES,3,1.29,1.1572782419508842,0,5
PS 08 STA. MESA,PHYSICAL INJURIES,4,1.47,1.1586739198433926,0,5
PS 08 STA. MESA,PHYSICAL INJURIES,5,1.15,1.192357820336316,0,6
PS 08 STA. MESA,PHYSICAL INJURIES,6,1.13,1.0885538548686946,0,5
PS 08 STA. MESA,PHYSICAL INJURIES,7,1.15,1.1403968828899222,0,6
PS 08 STA. MESA,PHYSICAL INJURIES,8,1.35,1.0286305498481016,0,4
PS 08 STA. MESA,PHYSICAL INJURIES,9,1.33,1.06415423808029,0,4
PS 08 STA. MESA,PHYSICAL INJURIES,10,1.41,1.1379140937911285,0,5
PS 08 STA. MESA,PHYSICAL INJURIES,11,1.38,1.1787684036717945,0,4
PS 08 STA. MESA,PHYSICAL INJURIES,12,1.29,1.0473149893268436,0,5
PS 08 STA. MESA,RAPE,1,0.86,0.9536744462839243,0,4
PS 08 STA. MESA,RAPE,2,1.0,1.1191627462193567,0,4
PS 08 STA. MESA,RAPE,3,0.95,0.9468181696950297,0,4
PS 08 STA. MESA,RAPE,4,0.99,0.9897964284119084,0,4
PS 08 STA. MESA,RAPE,5,0.93,0.9239244361073927,0,4
PS 08 STA. MESA,RAPE,6,1.09,1.0258773037864921,0,4
PS 08 STA. MESA,RAPE,7,0.71,0.7951240294584375,0,3
PS 08 STA. MESA,RAPE,8,0.9,1.0588730430094635,0,7
PS 08 STA. MESA,RAPE,9,0.81,0.860995430483305,0,4
PS 08 STA. MESA,RAPE,10,1.09,1.0645338525534656,0,5
PS 08 STA. MESA,RAPE,11,0.96,1.0042334631373566,0,4
PS 08 STA. MESA,RAPE,12,0.88,0.9132028219072659,0,4
PS 08 STA. MESA,ROBBERY,1,1.94,1.3619653060740924,0,6
PS 08 STA. MESA,ROBBERY,2,2.18,1.4521318358492348,0,7
PS 08 STA. MESA,ROBBERY,3,1.83,1.2717203809299935,0,6
PS 08 STA. MESA,ROBBERY,4,2.22,1.6610815510359265,0,8
PS 08 STA. MESA,ROBBERY,5,2.25,1.4381174563233066,0,7
PS 08 STA. MESA,ROBBERY,6,2.02,1.2947446220639949,0,6
PS 08 STA. MESA,ROBBERY,7,2.17,1.4774739567685427,0,7
PS 08 STA. MESA,ROBBERY,8,2.33,1.4706213900005916,0,5
PS 08 STA. MESA,ROBBERY,9,2.1,1.3743685418725538,0,8
PS 08 STA. MESA,ROBBERY,10,2.29,1.6286264895378078,0,7
PS 08 STA. MESA,ROBBERY,11,2.33,1.2796385221908362,0,6
PS 08 STA. MESA,ROBBERY,12,2.08,1.1693043775137109,0,5
PS 08 STA. MESA,THEFT,1,3.77,1.906156956662893,0,9
PS 08 STA. MESA,THEFT,2,3.82,2.022000209813255,0,11
PS 08 STA. MESA,THEFT,3,3.74,1.9520514979131698,0,9
PS 08 STA. MESA,THEFT,4,3.81,1.9263982197380947,0,8
PS 08 STA. MESA,THEFT,5,3.81,1.9730251602116686,0,13
PS 08 STA. MESA,THEFT,6,3.79,1.9399833384684912,0,10
PS 08 STA. MESA,THEFT,7,3.39,1.808481700379094,0,8
PS 08 STA. MESA,THEFT,8,4.08,1.9626821475015284,0,8
PS 08 STA. MESA,THEFT,9,4.15,1.844319698836173,0,8
PS 08 STA. MESA,THEFT,10,3.81,1.8624139868960012,0,8
PS 08 STA. MESA,THEFT,11,3.86,2.183593553773414,0,12
PS 08 STA. MESA,THEFT,12,3.74,1.685469691453418,0,9
PS 09 MALATE,CARNAPPING MC,1,0.64,0.8350890595461881,0,4
PS 09 MALATE,CARNAPPING MC,2,0.58,0.9658826496678016,0,6
PS 09 MALATE,CARNAPPING MC,3,0.66,0.768311805390904,0,3
PS 09 MALATE,CARNAPPING MC,4,0.66,0.768311805390904,0,3
PS 09 MALATE,CARNAPPING MC,5,0.72,0.9109879197327426,0,4
PS 09 MALATE,CARNAPPING MC,6,0.61,0.723278171336114,0,2
PS 09 MALATE,CARNAPPING MC,7,0.7,0.8102873913406626,0,3
PS 09 MALATE,CARNAPPING MC,8,0.58,0.7132228744837539,0,2
PS 09 MALATE,CARNAPPING MC,9,0.54,0.7023769168568492,0,3
PS 09 MALATE,CARNAPPING MC,10,0.66,0.8435135751813074,0,4
PS 09 MALATE,CARNAPPING MC,11,0.55,0.8211226608993472,0,4
PS 09 MALATE,CARNAPPING MC,12,0.64,0.7180219742846008,0,3
PS 09 MALATE,CARNAPPING MV,1,0.4,0.6356417261637283,0,3
PS 09 MALATE,CARNAPPING MV,2,0.44,0.6863753427324667,0,4
PS 09 MALATE,CARNAPPING MV,3,0.39,0.6012613005301036,0,3
PS 09 MALATE,CARNAPPING MV,4,0.39,0.6339709708805221,0,3
PS 09 MALATE,CARNAPPING MV,5,0.32,0.5663992238766582,0,2
PS 09 MALATE,CARNAPPING MV,6,0.33,0.5514901759246614,0,2
PS 09 MALATE,CARNAPPING MV,7,0.36,0.5949280577846316,0,3
PS 09 MALATE,CARNAPPING MV,8,0.38,0.6321360293449183,0,2
PS 09 MALATE,CARNAPPING MV,9,0.33,0.5869799439039247,0,3
PS 09 MALATE,CARNAPPING MV,10,0.33,0.5514901759246615,0,2
PS 09 MALATE,CARNAPPING MV,11,0.34,0.6231234454607114,0,3
PS 09 MALATE,CARNAPPING MV,12,0.48,0.6739001514626733,0,3
PS 09 MALATE,HOMICIDE,1,0.04,0.1969463855669324,0,1
PS 09 MALATE,HOMICIDE,2,0.01,0.09999999999999999,0,1
PS 09 MALATE,HOMICIDE,3,0.03,0.1714466079977653,0,1
PS 09 MALATE,HOMICIDE,4,0.01,0.09999999999999999,0,1
PS 09 MALATE,HOMICIDE,5,0.02,0.1407052941362897,0,1
PS 09 MALATE,HOMICIDE,6,0.06,0.2777979790634143,0,2
PS 09 MALATE,HOMICIDE,7,0.05,0.21904291355759034,0,1
PS 09 MALATE,HOMICIDE,8,0.02,0.1407052941362897,0,1
PS 09 MALATE,HOMICIDE,9,0.03,0.1714466079977653,0,1
PS 09 MALATE,HOMICIDE,10,0.06,0.23868325657594203,0,1
PS 09 MALATE,HOMICIDE,11,0.03,0.17144660799776532,0,1
PS 09 MALATE,HOMICIDE,12,0.02,0.14070529413628968,0,1
PS 09 MALATE,MURDER,1,0.35,0.5924610544247622,0,2
PS 09 MALATE,MURDER,2,0.24,0.5340903718028677,0,2
PS 09 MALATE,MURDER,3,0.35,0.5573204290227127,0,2
PS 09 MALATE,MURDER,4,0.29,0.5558685986722932,0,2
PS 09 MALATE,MURDER,5,0.29,0.45604802157206864,0,1
PS 09 MALATE,MURDER,6,0.36,0.5777000724747866,0,2
PS 09 MALATE,MURDER,7,0.38,0.5993262210114949,0,2
PS 09 MALATE,MURDER,8,0.35,0.5924610544247623,0,2
PS 09 MALATE,MURDER,9,0.28,0.5140451577852126,0,2
PS 09 MALATE,MURDER,10,0.34,0.5898125023079689,0,2
PS 09 MALATE,MURDER,11,0.33,0.5514901759246613,0,2
PS 09 MALATE,MURDER,12,0.4,0.6666666666666666,0,3
PS 09 MALATE,PHYSICAL INJURIES,1,1.44,1.2253220562016098,0,7
PS 09 MALATE,PHYSICAL INJURIES,2,1.4,1.2712834523274565,0,4
PS 09 MALATE,PHYSICAL INJURIES,3,1.41,1.2151817422372122,0,5
PS 09 MALATE,PHYSICAL INJURIES,4,1.34,1.2244974231879537,0,5
PS 09 MALATE,PHYSICAL INJURIES,5,1.48,1.0961825402806604,0,5
PS 09 MALATE,PHYSICAL INJURIES,6,1.3,1.2752500250000494,0,7
PS 09 MALATE,PHYSICAL INJURIES,7,1.51,1.087068154127041,0,4
PS 09 MALATE,PHYSICAL INJURIES,8,1.36,1.096551066947747,0,5
PS 09 MALATE,PHYSICAL INJURIES,9,1.41,1.1290024201242725,0,4
PS 09 MALATE,PHYSICAL INJURIES,10,1.54,1.2506160098289179,0,6
PS 09 MALATE,PHYSICAL INJURIES,11,1.43,1.1656272425981085,0,4
PS 09 MALATE,PHYSICAL INJURIES,12,1.47,1.1586739198433924,0,5
PS 09 MALATE,RAPE,1,0.66,0.8192137151629671,0,4
PS 09 MALATE,RAPE,2,0.62,0.8012616314414425,0,3
PS 09 MALATE,RAPE,3,0.78,0.9165151389911681,0,4
PS 09 MALATE,RAPE,4,0.67,0.8294454761946672,0,3
PS 09 MALATE,RAPE,5,0.79,0.9670845491747476,0,5
PS 09 MALATE,RAPE,6,0.57,0.7687718133556284,0,3
PS 09 MALATE,RAPE,7,0.64,0.7979772407579535,0,3
PS 09 MALATE,RAPE,8,0.67,0.841535393303109,0,4
PS 09 MALATE,RAPE,9,0.66,0.8067893720848651,0,3
PS 09 MALATE,RAPE,10,0.52,0.6587407638361193,0,3
PS 09 MALATE,RAPE,11,0.78,0.9906634854551477,0,4
PS 09 MALATE,RAPE,12,0.56,0.7696253844067464,0,4
PS 09 MALATE,ROBBERY,1,2.0,1.4070529413628967,0,7
PS 09 MALATE,ROBBERY,2,1.71,1.3654835973183472,0,8
PS 09 MALATE,ROBBERY,3,1.78,1.2599502956365969,0,5
PS 09 MALATE,ROBBERY,4,1.94,1.5687606895285529,0,7
PS 09 MALATE,ROBBERY,5,2.02,1.3179414618903589,0,6
PS 09 MALATE,ROBBERY,6,1.76,1.4007213149017907,0,6
PS 09 MALATE,ROBBERY,7,1.76,1.2318992481431905,0,6
PS 09 MALATE,ROBBERY,8,1.79,1.3279816841867038,0,6
PS 09 MALATE,ROBBERY,9,1.74,1.3604811982931224,0,5
PS 09 MALATE,ROBBERY,10,1.86,1.2062128729828308,0,5
PS 09 MALATE,ROBBERY,11,1.75,1.4520970554979644,0,6
PS 09 MALATE,ROBBERY,12,1.7,1.3595899560105793,0,7
PS 09 MALATE,THEFT,1,5.56,2.319526249086658,1,12
PS 09 MALATE,THEFT,2,4.73,2.2867868154670514,0,12
PS 09 MALATE,THEFT,3,5.18,1.9968662317428145,2,12
PS 09 MALATE,THEFT,4,4.89,2.145679238362387,0,12
PS 09 MALATE,THEFT,5,4.87,2.0629242753083705,1,10
PS 09 MALATE,THEFT,6,5.24,2.383105519944914,0,11
PS 09 MALATE,THEFT,7,5.2,2.0201010075756316,1,13
PS 09 MALATE,THEFT,8,5.25,1.9141947168826408,1,10
PS 09 MALATE,THEFT,9,5.11,2.304562887189261,1,11
PS 09 MALATE,THEFT,10,4.84,2.316911912024453,0,12
PS 09 MALATE,THEFT,11,4.82,2.1432534506061933,0,10
PS 09 MALATE,THEFT,12,5.04,2.088544996407835,0,10
PS 10 PANDACAN,CARNAPPING MC,1,0.35,0.5573204290227128,0,2
PS 10 PANDACAN,CARNAPPING MC,2,0.41,0.7120180453961097,0,3
PS 10 PANDACAN,CARNAPPING MC,3,0.39,0.6497085593719787,0,2
PS 10 PANDACAN,CARNAPPING MC,4,0.54,0.6878454136877798,0,3
PS 10 PANDACAN,CARNAPPING MC,5,0.47,0.6735253251633255,0,3
PS 10 PANDACAN,CARNAPPING MC,6,0.33,0.6039432711335352,0,3
PS 10 PANDACAN,CARNAPPING MC,7,0.37,0.6138963160572695,0,2
PS 10 PANDACAN,CARNAPPING MC,8,0.3,0.502518907629606,0,2
PS 10 PANDACAN,CARNAPPING MC,9,0.31,0.5630903187506485,0,2
PS 10 PANDACAN,CARNAPPING MC,10,0.35,0.5388914922357193,0,2
PS 10 PANDACAN,CARNAPPING MC,11,0.48,0.7314024165597861,0,3
PS 10 PANDACAN,CARNAPPING MC,12,0.42,0.5891270720911634,0,2
PS 10 PANDACAN,CARNAPPING MV,1,0.05,0.21904291355759034,0,1
PS 10 PANDACAN,CARNAPPING MV,2,0.04,0.19694638556693236,0,1
PS 10 PANDACAN,CARNAPPING MV,3,0.05,0.2190429135575903,0,1
PS 10 PANDACAN,CARNAPPING MV,4,0.06,0.23868325657594203,0,1
PS 10 PANDACAN,CARNAPPING MV,5,0.02,0.14070529413628968,0,1
PS 10 PANDACAN,CARNAPPING MV,6,0.0,0.0,0,0
PS 10 PANDACAN,CARNAPPING MV,7,0.03,0.1714466079977653,0,1
PS 10 PANDACAN,CARNAPPING MV,8,0.04,0.1969463855669324,0,1
PS 10 PANDACAN,CARNAPPING MV,9,0.03,0.1714466079977653,0,1
PS 10 PANDACAN,CARNAPPING MV,10,0.05,0.21904291355759034,0,1
PS 10 PANDACAN,CARNAPPING MV,11,0.02,0.1407052941362897,0,1
PS 10 PANDACAN,CARNAPPING MV,12,0.01,0.09999999999999999,0,1
PS 10 PANDACAN,HOMICIDE,1,0.06,0.23868325657594203,0,1
PS 10 PANDACAN,HOMICIDE,2,0.03,0.1714466079977653,0,1
PS 10 PANDACAN,HOMICIDE,3,0.01,0.09999999999999999,0,1
PS 10 PANDACAN,HOMICIDE,4,0.04,0.1969463855669324,0,1
PS 10 PANDACAN,HOMICIDE,5,0.07,0.2564323999762428,0,1
PS 10 PANDACAN,HOMICIDE,6,0.06,0.23868325657594208,0,1
PS 10 PANDACAN,HOMICIDE,7,0.07,0.25643239997624284,0,1
PS 10 PANDACAN,HOMICIDE,8,0.04,0.19694638556693236,0,1
PS 10 PANDACAN,HOMICIDE,9,0.01,0.09999999999999998,0,1
PS 10 PANDACAN,HOMICIDE,10,0.03,0.1714466079977653,0,1
PS 10 PANDACAN,HOMICIDE,11,0.02,0.1407052941362897,0,1
PS 10 PANDACAN,HOMICIDE,12,0.05,0.21904291355759034,0,1
PS 10 PANDACAN,MURDER,1,0.13,0.3666666666666667,0,2
PS 10 PANDACAN,MURDER,2,0.16,0.48658778937379504,0,3
PS 10 PANDACAN,MURDER,3,0.13,0.3666666666666667,0,2
PS 10 PANDACAN,MURDER,4,0.19,0.4191140246479062,0,2
PS 10 PANDACAN,MURDER,5,0.22,0.483672817035849,0,2
PS 10 PANDACAN,MURDER,6,0.17,0.3775251680686369,0,1
PS 10 PANDACAN,MURDER,7,0.08,0.2726599243442907,0,1
PS 10 PANDACAN,MURDER,8,0.06,0.23868325657594203,0,1
PS 10 PANDACAN,MURDER,9,0.14,0.37658754867650873,0,2
PS 10 PANDACAN,MURDER,10,0.1,0.30151134457776363,0,1
PS 10 PANDACAN,MURDER,11,0.12,0.3265986323710904,0,1
PS 10 PANDACAN,MURDER,12,0.19,0.442559132612339,0,2
PS 10 PANDACAN,PHYSICAL INJURIES,1,0.67,0.853454063429215,0,4
PS 10 PANDACAN,PHYSICAL INJURIES,2,0.89,0.8977525248973661,0,3
PS 10 PANDACAN,PHYSICAL INJURIES,3,0.87,1.0015644328406004,0,5
PS 10 PANDACAN,PHYSICAL INJURIES,4,0.8,0.8989331499509896,0,4
PS 10 PANDACAN,PHYSICAL INJURIES,5,1.0,1.0540925533894596,0,5
PS 10 PANDACAN,PHYSICAL INJURIES,6,0.79,0.8680059581790571,0,4
PS 10 PANDACAN,PHYSICAL INJURIES,7,0.82,0.8919392106839766,0,4
PS 10 PANDACAN,PHYSICAL INJURIES,8,0.8,0.9211323729436764,0,4
PS 10 PANDACAN,PHYSICAL INJURIES,9,0.78,0.8828329057040971,0,3
PS 10 PANDACAN,PHYSICAL INJURIES,10,0.83,0.8768054965543264,0,4
PS 10 PANDACAN,PHYSICAL INJURIES,11,0.84,0.9715134501582487,0,5
PS 10 PANDACAN,PHYSICAL INJURIES,12,0.89,0.8633385983225444,0,4
PS 10 PANDACAN,RAPE,1,1.0,1.063632046956621,0,4
PS 10 PANDACAN,RAPE,2,1.13,1.125058921015951,0,4
PS 10 PANDACAN,RAPE,3,1.12,1.027697239541693,0,4
PS 10 PANDACAN,RAPE,4,1.01,1.0588253449512395,0,4
PS 10 PANDACAN,RAPE,5,0.98,0.9532506851226852,0,4
PS 10 PANDACAN,RAPE,6,1.2,1.0824588545146516,0,5
PS 10 PANDACAN,RAPE,7,0.81,0.860995430483305,0,3
PS 10 PANDACAN,RAPE,8,1.28,1.2639524348549505,0,5
PS 10 PANDACAN,RAPE,9,1.08,1.0510216290098242,0,4
PS 10 PANDACAN,RAPE,10,0.99,1.0395706184319904,0,4
PS 10 PANDACAN,RAPE,11,0.9,0.9795896894087646,0,5
PS 10 PANDACAN,RAPE,12,1.17,1.054619467970425,0,5
PS 10 PANDACAN,ROBBERY,1,0.89,0.8274946977156256,0,3
PS 10 PANDACAN,ROBBERY,2,0.94,0.9081004705683534,0,4
PS 10 PANDACAN,ROBBERY,3,0.88,0.9132028219072662,0,4
PS 10 PANDACAN,ROBBERY,4,0.98,0.8759410523960658,0,4
PS 10 PANDACAN,ROBBERY,5,1.02,1.0345545081352796,0,4
PS 10 PANDACAN,ROBBERY,6,1.13,1.0977939310961393,0,4
PS 10 PANDACAN,ROBBERY,7,0.94,0.9621104747670952,0,4
PS 10 PANDACAN,ROBBERY,8,0.9,0.7977240352174656,0,3
PS 10 PANDACAN,ROBBERY,9,0.91,0.9330627313348555,0,4
PS 10 PANDACAN,ROBBERY,10,0.88,0.8561128973034415,0,4
PS 10 PANDACAN,ROBBERY,11,0.89,0.962897563176747,0,4
PS 10 PANDACAN,ROBBERY,12,0.91,0.85392735006669,0,3
PS 10 PANDACAN,THEFT,1,1.84,1.3236008431242372,0,8
PS 10 PANDACAN,THEFT,2,1.95,1.4728176802279092,0,6
PS 10 PANDACAN,THEFT,3,1.64,1.2187093686570747,0,5
PS 10 PANDACAN,THEFT,4,1.82,1.282201389813786,0,5
PS 10 PANDACAN,THEFT,5,1.93,1.3651876697866023,0,6
PS 10 PANDACAN,THEFT,6,1.84,1.3159472526348355,0,7
PS 10 PANDACAN,THEFT,7,1.8,1.2792042981336627,0,7
PS 10 PANDACAN,THEFT,8,1.78,1.4254540300967942,0,6
PS 10 PANDACAN,THEFT,9,1.74,1.3380220589747502,0,6
PS 10 PANDACAN,THEFT,10,1.71,1.2414963275471786,0,6
PS 10 PANDACAN,THEFT,11,1.74,1.291933012617492,0,5
PS 10 PANDACAN,THEFT,12,1.63,1.4045740574381556,0,6
PS 11 MEISIC,CARNAPPING MC,1,0.81,0.8001893715259097,0,3
PS 11 MEISIC,CARNAPPING MC,2,0.92,1.0118489926062997,0,4
PS 11 MEISIC,CARNAPPING MC,3,0.7,0.8226589066968623,0,3
PS 11 MEISIC,CARNAPPING MC,4,0.75,0.9031370691409835,0,3
PS 11 MEISIC,CARNAPPING MC,5,0.99,1.029808259097319,0,5
PS 11 MEISIC,CARNAPPING MC,6,0.92,0.9393743888483665,0,3
PS 11 MEISIC,CARNAPPING MC,7,0.86,0.9213516640723504,0,4
PS 11 MEISIC,CARNAPPING MC,8,0.75,0.8333333333333334,0,4
PS 11 MEISIC,CARNAPPING MC,9,0.8,0.8408749651825216,0,3
PS 11 MEISIC,CARNAPPING MC,10,0.69,0.8127146181194544,0,3
PS 11 MEISIC,CARNAPPING MC,11,0.82,0.880541614776687,0,4
PS 11 MEISIC,CARNAPPING MC,12,0.71,0.832363071518843,0,4
PS 11 MEISIC,CARNAPPING MV,1,0.22,0.5041244034376973,0,2
PS 11 MEISIC,CARNAPPING MV,2,0.21,0.4093601807403323,0,1
PS 11 MEISIC,CARNAPPING MV,3,0.18,0.45792681696639004,0,2
PS 11 MEISIC,CARNAPPING MV,4,0.21,0.49838121792844314,0,2
PS 11 MEISIC,CARNAPPING MV,5,0.27,0.5478147589295217,0,3
PS 11 MEISIC,CARNAPPING MV,6,0.19,0.3942772444036626,0,1
PS 11 MEISIC,CARNAPPING MV,7,0.31,0.5807518637703432,0,2
PS 11 MEISIC,CARNAPPING MV,8,0.27,0.5835281060112276,0,3
PS 11 MEISIC,CARNAPPING MV,9,0.19,0.4425591326123389,0,2
PS 11 MEISIC,CARNAPPING MV,10,0.27,0.5096047190685833,0,2
PS 11 MEISIC,CARNAPPING MV,11,0.17,0.4277023415055065,0,2
PS 11 MEISIC,CARNAPPING MV,12,0.23,0.5659532050470518,0,4
PS 11 MEISIC,HOMICIDE,1,0.17,0.4277023415055065,0,2
PS 11 MEISIC,HOMICIDE,2,0.14,0.3487350880197771,0,1
PS 11 MEISIC,HOMICIDE,3,0.16,0.3684529491774706,0,1
PS 11 MEISIC,HOMICIDE,4,0.2,0.42640143271122094,0,2
PS 11 MEISIC,HOMICIDE,5,0.18,0.41145221993924064,0,2
PS 11 MEISIC,HOMICIDE,6,0.15,0.38599209705627263,0,2
PS 11 MEISIC,HOMICIDE,7,0.23,0.468287229478799,0,2
PS 11 MEISIC,HOMICIDE,8,0.06,0.23868325657594203,0,1
PS 11 MEISIC,HOMICIDE,9,0.13,0.3932511470376973,0,2
PS 11 MEISIC,HOMICIDE,10,0.15,0.38599209705627263,0,2
PS 11 MEISIC,HOMICIDE,11,0.14,0.348735088019777,0,1
PS 11 MEISIC,HOMICIDE,12,0.1,0.3333333333333333,0,2
PS 11 MEISIC,MURDER,1,0.83,0.9749902874419112,0,4
PS 11 MEISIC,MURDER,2,0.55,0.7299508769967216,0,3
PS 11 MEISIC,MURDER,3,0.6,0.7385489458759965,0,3
PS 11 MEISIC,MURDER,4,0.56,0.7152028743756218,0,3
PS 11 MEISIC,MURDER,5,0.58,0.9120960431441375,0,4
PS 11 MEISIC,MURDER,6,0.59,0.71201804539611,0,3
PS 11 MEISIC,MURDER,7,0.56,0.6562827673397121,0,2
PS 11 MEISIC,MURDER,8,0.53,0.7171069824248151,0,4
PS 11 MEISIC,MURDER,9,0.53,0.6883591968139772,0,4
PS 11 MEISIC,MURDER,10,0.7,0.7453559924999298,0,3
PS 11 MEISIC,MURDER,11,0.61,0.8396127053287693,0,4
PS 11 MEISIC,MURDER,12,0.55,0.7436600722307893,0,3
PS 11 MEISIC,PHYSICAL INJURIES,1,1.54,1.258666923471982,0,5
PS 11 MEISIC,PHYSICAL INJURIES,2,1.72,1.3638922318871167,0,6
PS 11 MEISIC,PHYSICAL INJURIES,3,1.78,1.3071674983286834,0,6
PS 11 MEISIC,PHYSICAL INJURIES,4,1.76,1.4221906562153555,0,6
PS 11 MEISIC,PHYSICAL INJURIES,5,1.42,1.3866608391485937,0,6
PS 11 MEISIC,PHYSICAL INJURIES,6,1.66,1.2489995996796794,0,6
PS 11 MEISIC,PHYSICAL INJURIES,7,1.7,1.359589956010579,0,7
PS 11 MEISIC,PHYSICAL INJURIES,8,1.64,1.3372669248444113,0,5
PS 11 MEISIC,PHYSICAL INJURIES,9,1.61,1.3325376413657388,0,7
PS 11 MEISIC,PHYSICAL INJURIES,10,1.51,1.1763236687822674,0,6
PS 11 MEISIC,PHYSICAL INJURIES,11,1.62,1.3837440062191688,0,5
PS 11 MEISIC,PHYSICAL INJURIES,12,1.56,1.4093482984211627,0,7
PS 11 MEISIC,RAPE,1,0.63,0.7996842811353425,0,3
PS 11 MEISIC,RAPE,2,0.6,0.7247430753394787,0,3
PS 11 MEISIC,RAPE,3,0.68,0.851380340886777,0,4
PS 11 MEISIC,RAPE,4,0.48,0.7974707492814992,0,5
PS 11 MEISIC,RAPE,5,0.52,0.810038033774721,0,5
PS 11 MEISIC,RAPE,6,0.4,0.6666666666666666,0,3
PS 11 MEISIC,RAPE,7,0.62,0.8012616314414426,0,3
PS 11 MEISIC,RAPE,8,0.6,0.7106690545187013,0,3
PS 11 MEISIC,RAPE,9,0.5,0.8102873913406629,0,5
PS 11 MEISIC,RAPE,10,0.44,0.6863753427324666,0,3
PS 11 MEISIC,RAPE,11,0.55,0.7299508769967216,0,3
PS 11 MEISIC,RAPE,12,0.55,0.7571210756756961,0,3
PS 11 MEISIC,ROBBERY,1,2.83,1.735284449654327,0,10
PS 11 MEISIC,ROBBERY,2,2.69,1.6372864962208267,0,7
PS 11 MEISIC,ROBBERY,3,2.81,1.7097167347637778,0,7
PS 11 MEISIC,ROBBERY,4,2.67,1.5957962453163173,0,7
PS 11 MEISIC,ROBBERY,5,2.82,1.5464524407543712,0,7
PS 11 MEISIC,ROBBERY,6,2.75,1.7773831632742862,0,9
PS 11 MEISIC,ROBBERY,7,2.79,1.6286264895378073,0,7
PS 11 MEISIC,ROBBERY,8,2.91,1.6702688345886059,0,7
PS 11 MEISIC,ROBBERY,9,2.28,1.6022711154086022,0,7
PS 11 MEISIC,ROBBERY,10,2.46,1.4731262709289417,0,6
PS 11 MEISIC,ROBBERY,11,2.52,1.6786237749352229,0,7
PS 11 MEISIC,ROBBERY,12,2.84,1.9782657439119127,0,9
PS 11 MEISIC,THEFT,1,8.25,2.6794202599243238,2,15
PS 11 MEISIC,THEFT,2,7.69,3.077106735000569,1,15
PS 11 MEISIC,THEFT,3,7.76,2.531099493592586,1,13
PS 11 MEISIC,THEFT,4,7.82,2.9928534406435134,1,16
PS 11 MEISIC,THEFT,5,7.83,2.486549676344571,3,15
PS 11 MEISIC,THEFT,6,7.96,2.870680769575064,3,18
PS 11 MEISIC,THEFT,7,7.82,2.39266556059314,3,15
PS 11 MEISIC,THEFT,8,7.5,2.6874192494328493,2,15
PS 11 MEISIC,THEFT,9,8.0,2.6438417104469387,3,14
PS 11 MEISIC,THEFT,10,8.12,2.818696596842325,1,17
PS 11 MEISIC,THEFT,11,8.04,2.9229844994180834,3,15
PS 11 MEISIC,THEFT,12,7.72,2.704578982900569,1,14
PS 12 DELPAN,CARNAPPING MC,1,0.07,0.2564323999762428,0,1
PS 12 DELPAN,CARNAPPING MC,2,0.02,0.14070529413628968,0,1
PS 12 DELPAN,CARNAPPING MC,3,0.08,0.3074824459143229,0,2
PS 12 DELPAN,CARNAPPING MC,4,0.11,0.3144660377352202,0,1
PS 12 DELPAN,CARNAPPING MC,5,0.07,0.2564323999762428,0,1
PS 12 DELPAN,CARNAPPING MC,6,0.14,0.40251733132897766,0,2
PS 12 DELPAN,CARNAPPING MC,7,0.05,0.21904291355759034,0,1
PS 12 DELPAN,CARNAPPING MC,8,0.09,0.2876234912646613,0,1
PS 12 DELPAN,CARNAPPING MC,9,0.06,0.23868325657594203,0,1
PS 12 DELPAN,CARNAPPING MC,10,0.1,0.3333333333333333,0,2
PS 12 DELPAN,CARNAPPING MC,11,0.04,0.1969463855669324,0,1
PS 12 DELPAN,CARNAPPING MC,12,0.09,0.2876234912646613,0,1
PS 12 DELPAN,CARNAPPING MV,1,0.0,0.0,0,0
PS 12 DELPAN,CARNAPPING MV,2,0.0,0.0,0,0
PS 12 DELPAN,CARNAPPING MV,3,0.0,0.0,0,0
PS 12 DELPAN,CARNAPPING MV,4,0.0,0.0,0,0
PS 12 DELPAN,CARNAPPING MV,5,0.0,0.0,0,0
PS 12 DELPAN,CARNAPPING MV,6,0.0,0.0,0,0
PS 12 DELPAN,CARNAPPING MV,7,0.0,0.0,0,0
PS 12 DELPAN,CARNAPPING MV,8,0.0,0.0,0,0
PS 12 DELPAN,CARNAPPING MV,9,0.0,0.0,0,0
PS 12 DELPAN,CARNAPPING MV,10,0.0,0.0,0,0
PS 12 DELPAN,CARNAPPING MV,11,0.0,0.0,0,0
PS 12 DELPAN,CARNAPPING MV,12,0.0,0.0,0,0
PS 12 DELPAN,HOMICIDE,1,0.03,0.17144660799776532,0,1
PS 12 DELPAN,HOMICIDE,2,0.04,0.19694638556693234,0,1
PS 12 DELPAN,HOMICIDE,3,0.02,0.1407052941362897,0,1
PS 12 DELPAN,HOMICIDE,4,0.0,0.0,0,0
PS 12 DELPAN,HOMICIDE,5,0.0,0.0,0,0
PS 12 DELPAN,HOMICIDE,6,0.05,0.21904291355759034,0,1
PS 12 DELPAN,HOMICIDE,7,0.06,0.23868325657594203,0,1
PS 12 DELPAN,HOMICIDE,8,0.05,0.21904291355759034,0,1
PS 12 DELPAN,HOMICIDE,9,0.02,0.1407052941362897,0,1
PS 12 DELPAN,HOMICIDE,10,0.02,0.1407052941362897,0,1
PS 12 DELPAN,HOMICIDE,11,0.03,0.1714466079977653,0,1
PS 12 DELPAN,HOMICIDE,12,0.01,0.09999999999999998,0,1
PS 12 DELPAN,MURDER,1,0.19,0.4648231987117317,0,2
PS 12 DELPAN,MURDER,2,0.25,0.5198095999517709,0,2
PS 12 DELPAN,MURDER,3,0.21,0.4333333333333333,0,2
PS 12 DELPAN,MURDER,4,0.16,0.3684529491774706,0,1
PS 12 DELPAN,MURDER,5,0.2,0.4264014327112209,0,2
PS 12 DELPAN,MURDER,6,0.16,0.4197161137740797,0,2
PS 12 DELPAN,MURDER,7,0.18,0.43531017619043716,0,2
PS 12 DELPAN,MURDER,8,0.15,0.35887028128263676,0,1
PS 12 DELPAN,MURDER,9,0.22,0.41633319989322654,0,1
PS 12 DELPAN,MURDER,10,0.17,0.3775251680686369,0,1
PS 12 DELPAN,MURDER,11,0.13,0.3932511470376974,0,2
PS 12 DELPAN,MURDER,12,0.18,0.5199067515459193,0,3
PS 12 DELPAN,PHYSICAL INJURIES,1,0.08,0.2726599243442907,0,1
PS 12 DELPAN,PHYSICAL INJURIES,2,0.09,0.28762349126466136,0,1
PS 12 DELPAN,PHYSICAL INJURIES,3,0.08,0.27265992434429076,0,1
PS 12 DELPAN,PHYSICAL INJURIES,4,0.09,0.32082595426382343,0,2
PS 12 DELPAN,PHYSICAL INJURIES,5,0.08,0.3074824459143229,0,2
PS 12 DELPAN,PHYSICAL INJURIES,6,0.05,0.21904291355759034,0,1
PS 12 DELPAN,PHYSICAL INJURIES,7,0.1,0.3333333333333333,0,2
PS 12 DELPAN,PHYSICAL INJURIES,8,0.04,0.19694638556693236,0,1
PS 12 DELPAN,PHYSICAL INJURIES,9,0.09,0.32082595426382343,0,2
PS 12 DELPAN,PHYSICAL INJURIES,10,0.09,0.28762349126466136,0,1
PS 12 DELPAN,PHYSICAL INJURIES,11,0.13,0.3379976689896311,0,1
PS 12 DELPAN,PHYSICAL INJURIES,12,0.11,0.3144660377352201,0,1
PS 12 DELPAN,RAPE,1,0.16,0.3949172013974523,0,2
PS 12 DELPAN,RAPE,2,0.2,0.4264014327112209,0,2
PS 12 DELPAN,RAPE,3,0.17,0.4507009131689364,0,2
PS 12 DELPAN,RAPE,4,0.22,0.5041244034376974,0,3
PS 12 DELPAN,RAPE,5,0.26,0.6295741706611195,0,4
PS 12 DELPAN,RAPE,6,0.18,0.4114522199392407,0,2
PS 12 DELPAN,RAPE,7,0.16,0.3684529491774706,0,1
PS 12 DELPAN,RAPE,8,0.15,0.41132945334843113,0,2
PS 12 DELPAN,RAPE,9,0.23,0.4682872294787989,0,2
PS 12 DELPAN,RAPE,10,0.22,0.5041244034376974,0,3
PS 12 DELPAN,RAPE,11,0.26,0.5245488682206024,0,2
PS 12 DELPAN,RAPE,12,0.22,0.4623173950192375,0,2
PS 12 DELPAN,ROBBERY,1,0.21,0.4560480215720687,0,2
PS 12 DELPAN,ROBBERY,2,0.15,0.4113294533484311,0,2
PS 12 DELPAN,ROBBERY,3,0.12,0.3561863092100634,0,2
PS 12 DELPAN,ROBBERY,4,0.15,0.3859920970562727,0,2
PS 12 DELPAN,ROBBERY,5,0.16,0.39491720139745234,0,2
PS 12 DELPAN,ROBBERY,6,0.12,0.32659863237109044,0,1
PS 12 DELPAN,ROBBERY,7,0.11,0.34509550720186016,0,2
PS 12 DELPAN,ROBBERY,8,0.13,0.44164522532288863,0,3
PS 12 DELPAN,ROBBERY,9,0.24,0.45215533220835136,0,2
PS 12 DELPAN,ROBBERY,10,0.15,0.35887028128263665,0,1
PS 12 DELPAN,ROBBERY,11,0.22,0.4836728170358491,0,2
PS 12 DELPAN,ROBBERY,12,0.12,0.32659863237109044,0,1
PS 12 DELPAN,THEFT,1,0.29,0.5182526976156117,0,2
PS 12 DELPAN,THEFT,2,0.28,0.569954809479212,0,3
PS 12 DELPAN,THEFT,3,0.27,0.5096047190685833,0,2
PS 12 DELPAN,THEFT,4,0.28,0.5874099974042875,0,3
PS 12 DELPAN,THEFT,5,0.29,0.5182526976156115,0,2
PS 12 DELPAN,THEFT,6,0.21,0.4560480215720687,0,2
PS 12 DELPAN,THEFT,7,0.21,0.40936018074033237,0,1
PS 12 DELPAN,THEFT,8,0.28,0.4940044575106625,0,2
PS 12 DELPAN,THEFT,9,0.31,0.5448565745851718,0,2
PS 12 DELPAN,THEFT,10,0.28,0.5699548094792121,0,3
PS 12 DELPAN,THEFT,11,0.2,0.49236596391733084,0,3
PS 12 DELPAN,THEFT,12,0.26,0.4631905164675272,0,2
PS 13 BASECO,CARNAPPING MC,1,0.03,0.1714466079977653,0,1
PS 13 BASECO,CARNAPPING MC,2,0.05,0.2190429135575903,0,1
PS 13 BASECO,CARNAPPING MC,3,0.1,0.30151134457776363,0,1
PS 13 BASECO,CARNAPPING MC,4,0.05,0.21904291355759034,0,1
PS 13 BASECO,CARNAPPING MC,5,0.05,0.21904291355759029,0,1
PS 13 BASECO,CARNAPPING MC,6,0.04,0.1969463855669324,0,1
PS 13 BASECO,CARNAPPING MC,7,0.08,0.30748244591432294,0,2
PS 13 BASECO,CARNAPPING MC,8,0.03,0.17144660799776532,0,1
PS 13 BASECO,CARNAPPING MC,9,0.04,0.19694638556693236,0,1
PS 13 BASECO,CARNAPPING MC,10,0.05,0.21904291355759029,0,1
PS 13 BASECO,CARNAPPING MC,11,0.03,0.17144660799776532,0,1
PS 13 BASECO,CARNAPPING MC,12,0.07,0.2564323999762428,0,1
PS 13 BASECO,CARNAPPING MV,1,0.0,0.0,0,0
PS 13 BASECO,CARNAPPING MV,2,0.0,0.0,0,0
PS 13 BASECO,CARNAPPING MV,3,0.0,0.0,0,0
PS 13 BASECO,CARNAPPING MV,4,0.0,0.0,0,0
PS 13 BASECO,CARNAPPING MV,5,0.0,0.0,0,0
PS 13 BASECO,CARNAPPING MV,6,0.0,0.0,0,0
PS 13 BASECO,CARNAPPING MV,7,0.0,0.0,0,0
PS 13 BASECO,CARNAPPING MV,8,0.0,0.0,0,0
PS 13 BASECO,CARNAPPING MV,9,0.0,0.0,0,0
PS 13 BASECO,CARNAPPING MV,10,0.0,0.0,0,0
PS 13 BASECO,CARNAPPING MV,11,0.0,0.0,0,0
PS 13 BASECO,CARNAPPING MV,12,0.0,0.0,0,0
PS 13 BASECO,HOMICIDE,1,0.06,0.23868325657594203,0,1
PS 13 BASECO,HOMICIDE,2,0.05,0.2190429135575903,0,1
PS 13 BASECO,HOMICIDE,3,0.08,0.27265992434429076,0,1
PS 13 BASECO,HOMICIDE,4,0.05,0.26111648393354675,0,2
PS 13 BASECO,HOMICIDE,5,0.06,0.23868325657594203,0,1
PS 13 BASECO,HOMICIDE,6,0.01,0.09999999999999999,0,1
PS 13 BASECO,HOMICIDE,7,0.05,0.21904291355759034,0,1
PS 13 BASECO,HOMICIDE,8,0.07,0.2564323999762428,0,1
PS 13 BASECO,HOMICIDE,9,0.05,0.2190429135575903,0,1
PS 13 BASECO,HOMICIDE,10,0.04,0.19694638556693236,0,1
PS 13 BASECO,HOMICIDE,11,0.04,0.1969463855669324,0,1
PS 13 BASECO,HOMICIDE,12,0.01,0.09999999999999999,0,1
PS 13 BASECO,MURDER,1,0.28,0.5333333333333334,0,2
PS 13 BASECO,MURDER,2,0.39,0.6339709708805223,0,3
PS 13 BASECO,MURDER,3,0.31,0.5064233865696236,0,2
PS 13 BASECO,MURDER,4,0.34,0.6231234454607114,0,4
PS 13 BASECO,MURDER,5,0.43,0.6552815726036704,0,3
PS 13 BASECO,MURDER,6,0.39,0.6012613005301037,0,2
PS 13 BASECO,MURDER,7,0.35,0.6415731927193978,0,3
PS 13 BASECO,MURDER,8,0.38,0.582228390745332,0,2
PS 13 BASECO,MURDER,9,0.37,0.562372319964831,0,3
PS 13 BASECO,MURDER,10,0.43,0.6236905474591538,0,3
PS 13 BASECO,MURDER,11,0.33,0.5135536717202728,0,2
PS 13 BASECO,MURDER,12,0.44,0.5741924500522188,0,2
PS 13 BASECO,PHYSICAL INJURIES,1,0.6,0.8645662192537641,0,4
PS 13 BASECO,PHYSICAL INJURIES,2,0.55,0.7159792333764036,0,3
PS 13 BASECO,PHYSICAL INJURIES,3,0.57,0.7555184185763314,0,3
PS 13 BASECO,PHYSICAL INJURIES,4,0.51,0.7034546786030246,0,3
PS 13 BASECO,PHYSICAL INJURIES,5,0.5,0.674199862463242,0,3
PS 13 BASECO,PHYSICAL INJURIES,6,0.65,0.7703468981143126,0,3
PS 13 BASECO,PHYSICAL INJURIES,7,0.57,0.7555184185763314,0,3
PS 13 BASECO,PHYSICAL INJURIES,8,0.52,0.6587407638361193,0,2
PS 13 BASECO,PHYSICAL INJURIES,9,0.47,0.7713951678941895,0,4
PS 13 BASECO,PHYSICAL INJURIES,10,0.59,0.8176709965419212,0,3
PS 13 BASECO,PHYSICAL INJURIES,11,0.6,0.6666666666666667,0,2
PS 13 BASECO,PHYSICAL INJURIES,12,0.56,0.7563869460277671,0,3
PS 13 BASECO,RAPE,1,0.34,0.5545040554177648,0,2
PS 13 BASECO,RAPE,2,0.57,0.7818005635787948,0,4
PS 13 BASECO,RAPE,3,0.46,0.6730002176294542,0,3
PS 13 BASECO,RAPE,4,0.42,0.6384957068585251,0,2
PS 13 BASECO,RAPE,5,0.28,0.5519478821831503,0,2
PS 13 BASECO,RAPE,6,0.33,0.5514901759246617,0,2
PS 13 BASECO,RAPE,7,0.33,0.4934930126509933,0,2
PS 13 BASECO,RAPE,8,0.33,0.5514901759246615,0,2
PS 13 BASECO,RAPE,9,0.29,0.5182526976156117,0,2
PS 13 BASECO,RAPE,10,0.32,0.5663992238766582,0,2
PS 13 BASECO,RAPE,11,0.38,0.6479181891241977,0,4
PS 13 BASECO,RAPE,12,0.3,0.5222329678670936,0,2
PS 13 BASECO,ROBBERY,1,0.38,0.5993262210114947,0,3
PS 13 BASECO,ROBBERY,2,0.38,0.5993262210114947,0,3
PS 13 BASECO,ROBBERY,3,0.5,0.5773502691896257,0,2
PS 13 BASECO,ROBBERY,4,0.44,0.6562827673397119,0,3
PS 13 BASECO,ROBBERY,5,0.4,0.6816498108607266,0,3
PS 13 BASECO,ROBBERY,6,0.44,0.7152028743756218,0,3
PS 13 BASECO,ROBBERY,7,0.47,0.7028800779936816,0,3
PS 13 BASECO,ROBBERY,8,0.36,0.611671001553461,0,2
PS 13 BASECO,ROBBERY,9,0.31,0.5448565745851718,0,2
PS 13 BASECO,ROBBERY,10,0.44,0.671497647731614,0,2
PS 13 BASECO,ROBBERY,11,0.55,0.7833494518006403,0,3
PS 13 BASECO,ROBBERY,12,0.56,0.7696253844067465,0,3
PS 13 BASECO,THEFT,1,0.2,0.44946657497549475,0,2
PS 13 BASECO,THEFT,2,0.23,0.42295258468165076,0,1
PS 13 BASECO,THEFT,3,0.2,0.42640143271122083,0,2
PS 13 BASECO,THEFT,4,0.15,0.41132945334843113,0,2
PS 13 BASECO,THEFT,5,0.2,0.44946657497549464,0,2
PS 13 BASECO,THEFT,6,0.23,0.4682872294787989,0,2
PS 13 BASECO,THEFT,7,0.22,0.5237780391954537,0,3
PS 13 BASECO,THEFT,8,0.16,0.3684529491774706,0,1
PS 13 BASECO,THEFT,9,0.15,0.41132945334843113,0,2
PS 13 BASECO,THEFT,10,0.16,0.3949172013974524,0,2
PS 13 BASECO,THEFT,11,0.19,0.4191140246479061,0,2
PS 13 BASECO,THEFT,12,0.23,0.46828722947879897,0,2
PS 14 BARBOSA,CARNAPPING MC,1,0.33,0.5695115752497348,0,2
PS 14 BARBOSA,CARNAPPING MC,2,0.15,0.38599209705627274,0,2
PS 14 BARBOSA,CARNAPPING MC,3,0.25,0.5000000000000001,0,2
PS 14 BARBOSA,CARNAPPING MC,4,0.21,0.43333333333333346,0,2
PS 14 BARBOSA,CARNAPPING MC,5,0.24,0.45215533220835125,0,2
PS 14 BARBOSA,CARNAPPING MC,6,0.16,0.3949172013974524,0,2
PS 14 BARBOSA,CARNAPPING MC,7,0.17,0.40339468604243245,0,2
PS 14 BARBOSA,CARNAPPING MC,8,0.23,0.5290548080293667,0,3
PS 14 BARBOSA,CARNAPPING MC,9,0.21,0.47768380565162366,0,2
PS 14 BARBOSA,CARNAPPING MC,10,0.24,0.4521553322083511,0,2
PS 14 BARBOSA,CARNAPPING MC,11,0.28,0.5519478821831502,0,2
PS 14 BARBOSA,CARNAPPING MC,12,0.21,0.49838121792844325,0,2
PS 14 BARBOSA,CARNAPPING MV,1,0.07,0.2564323999762428,0,1
PS 14 BARBOSA,CARNAPPING MV,2,0.08,0.27265992434429065,0,1
PS 14 BARBOSA,CARNAPPING MV,3,0.1,0.30151134457776363,0,1
PS 14 BARBOSA,CARNAPPING MV,4,0.0,0.0,0,0
PS 14 BARBOSA,CARNAPPING MV,5,0.06,0.23868325657594203,0,1
PS 14 BARBOSA,CARNAPPING MV,6,0.07,0.2931886695621028,0,2
PS 14 BARBOSA,CARNAPPING MV,7,0.06,0.23868325657594203,0,1
PS 14 BARBOSA,CARNAPPING MV,8,0.03,0.1714466079977653,0,1
PS 14 BARBOSA,CARNAPPING MV,9,0.04,0.19694638556693236,0,1
PS 14 BARBOSA,CARNAPPING MV,10,0.04,0.19694638556693236,0,1
PS 14 BARBOSA,CARNAPPING MV,11,0.05,0.21904291355759034,0,1
PS 14 BARBOSA,CARNAPPING MV,12,0.0,0.0,0,0
PS 14 BARBOSA,HOMICIDE,1,0.03,0.1714466079977653,0,1
PS 14 BARBOSA,HOMICIDE,2,0.01,0.09999999999999999,0,1
PS 14 BARBOSA,HOMICIDE,3,0.0,0.0,0,0
PS 14 BARBOSA,HOMICIDE,4,0.01,0.09999999999999999,0,1
PS 14 BARBOSA,HOMICIDE,5,0.01,0.09999999999999999,0,1
PS 14 BARBOSA,HOMICIDE,6,0.0,0.0,0,0
PS 14 BARBOSA,HOMICIDE,7,0.01,0.09999999999999999,0,1
PS 14 BARBOSA,HOMICIDE,8,0.01,0.1,0,1
PS 14 BARBOSA,HOMICIDE,9,0.01,0.09999999999999999,0,1
PS 14 BARBOSA,HOMICIDE,10,0.01,0.09999999999999999,0,1
PS 14 BARBOSA,HOMICIDE,11,0.04,0.19694638556693234,0,1
PS 14 BARBOSA,HOMICIDE,12,0.02,0.1407052941362897,0,1
PS 14 BARBOSA,MURDER,1,0.09,0.2876234912646614,0,1
PS 14 BARBOSA,MURDER,2,0.08,0.2726599243442907,0,1
PS 14 BARBOSA,MURDER,3,0.07,0.2564323999762428,0,1
PS 14 BARBOSA,MURDER,4,0.1,0.30151134457776363,0,1
PS 14 BARBOSA,MURDER,5,0.11,0.3732196796699356,0,2
PS 14 BARBOSA,MURDER,6,0.15,0.3859920970562725,0,2
PS 14 BARBOSA,MURDER,7,0.13,0.36666666666666664,0,2
PS 14 BARBOSA,MURDER,8,0.09,0.2876234912646614,0,1
PS 14 BARBOSA,MURDER,9,0.09,0.28762349126466136,0,1
PS 14 BARBOSA,MURDER,10,0.07,0.29318866956210293,0,2
PS 14 BARBOSA,MURDER,11,0.09,0.2876234912646613,0,1
PS 14 BARBOSA,MURDER,12,0.07,0.2564323999762428,0,1
PS 14 BARBOSA,PHYSICAL INJURIES,1,0.17,0.40339468604243256,0,2
PS 14 BARBOSA,PHYSICAL INJURIES,2,0.18,0.43531017619043716,0,2
PS 14 BARBOSA,PHYSICAL INJURIES,3,0.19,0.4191140246479062,0,2
PS 14 BARBOSA,PHYSICAL INJURIES,4,0.18,0.43531017619043727,0,2
PS 14 BARBOSA,PHYSICAL INJURIES,5,0.14,0.3487350880197771,0,1
PS 14 BARBOSA,PHYSICAL INJURIES,6,0.17,0.40339468604243256,0,2
PS 14 BARBOSA,PHYSICAL INJURIES,7,0.21,0.40936018074033237,0,1
PS 14 BARBOSA,PHYSICAL INJURIES,8,0.23,0.4682872294787989,0,2
PS 14 BARBOSA,PHYSICAL INJURIES,9,0.23,0.44619604333847374,0,2
PS 14 BARBOSA,PHYSICAL INJURIES,10,0.23,0.44619604333847385,0,2
PS 14 BARBOSA,PHYSICAL INJURIES,11,0.17,0.42770234150550646,0,2
PS 14 BARBOSA,PHYSICAL INJURIES,12,0.24,0.4948216697442472,0,3
PS 14 BARBOSA,RAPE,1,0.27,0.4682872294787989,0,2
PS 14 BARBOSA,RAPE,2,0.31,0.5630903187506487,0,2
PS 14 BARBOSA,RAPE,3,0.25,0.5388914922357194,0,3
PS 14 BARBOSA,RAPE,4,0.24,0.5148305595538255,0,2
PS 14 BARBOSA,RAPE,5,0.43,0.6236905474591539,0,2
PS 14 BARBOSA,RAPE,6,0.34,0.535978289926679,0,2
PS 14 BARBOSA,RAPE,7,0.24,0.5148305595538256,0,2
PS 14 BARBOSA,RAPE,8,0.26,0.5617433182117573,0,3
PS 14 BARBOSA,RAPE,9,0.17,0.40339468604243256,0,2
PS 14 BARBOSA,RAPE,10,0.36,0.6279677016721754,0,3
PS 14 BARBOSA,RAPE,11,0.28,0.5519478821831503,0,2
PS 14 BARBOSA,RAPE,12,0.32,0.5839607015973771,0,2
PS 14 BARBOSA,ROBBERY,1,0.53,0.7713951678941895,0,3
PS 14 BARBOSA,ROBBERY,2,0.59,0.6830561152391922,0,3
PS 14 BARBOSA,ROBBERY,3,0.52,0.7450849046595396,0,3
PS 14 BARBOSA,ROBBERY,4,0.59,0.7533762390570581,0,3
PS 14 BARBOSA,ROBBERY,5,0.42,0.6060303022726893,0,2
PS 14 BARBOSA,ROBBERY,6,0.51,0.8102250591438447,0,5
PS 14 BARBOSA,ROBBERY,7,0.5,0.674199862463242,0,3
PS 14 BARBOSA,ROBBERY,8,0.53,0.7171069824248153,0,3
PS 14 BARBOSA,ROBBERY,9,0.57,0.7818005635787948,0,3
PS 14 BARBOSA,ROBBERY,10,0.51,0.7452882297839846,0,3
PS 14 BARBOSA,ROBBERY,11,0.59,0.7120180453961099,0,2
PS 14 BARBOSA,ROBBERY,12,0.57,0.8072274534579219,0,3
PS 14 BARBOSA,THEFT,1,0.76,0.9333333333333332,0,4
PS 14 BARBOSA,THEFT,2,0.84,0.9069874655287484,0,4
PS 14 BARBOSA,THEFT,3,0.66,0.768311805390904,0,3
PS 14 BARBOSA,THEFT,4,0.83,0.8652085636341439,0,4
PS 14 BARBOSA,THEFT,5,0.66,0.7415517445863032,0,3
PS 14 BARBOSA,THEFT,6,0.73,0.9195409482755813,0,4
PS 14 BARBOSA,THEFT,7,0.74,0.8482900209220662,0,3
PS 14 BARBOSA,THEFT,8,0.69,0.8841477092189808,0,4
PS 14 BARBOSA,THEFT,9,0.62,0.8736316862570421,0,4
PS 14 BARBOSA,THEFT,10,0.71,0.9459643147859675,0,4
PS 14 BARBOSA,THEFT,11,0.61,0.8633385983225442,0,3
PS 14 BARBOSA,THEFT,12,0.85,0.9782999065065409,0,5
